"LEVEL_1","Bronze"
"LEVEL_2","Silver"
"LEVEL_3","Gold"
"LEVEL_4","Platium"
"title_1","Lawsry Guardian"
"title_2","Imperial Sorranto "
"title_3","Kalintor Savior"
"title_4","Megaman"
"title_5","Evergreen Land"
"title_6","Spiral Zone"
"title_7","Farseer"
"title_8","Lucky!Felix!"
"title_9","First Blood"
"title_10","Double Kill"
"title_11","Triple Kill"
"title_12","Monster Kill"
"title_13","Unstoppable"
"title_14","Dominate"
"title_15","Godlike"
"title_16","All About the Credits"
"title_17","Credits as a Primary Force"
"title_18","Untouchable"
"title_19","Rookie"
"title_20","Graduate"
"title_21","Ascending"
"title_22","Commander"
"title_23","For the Empire"
"title_24","Iron Fisted"
"title_25","Dominator"
"title_26","Lord of the Galactonite"
"title_27","Friendship"
"desc_1","Finish Lawsry District"
"desc_2","Finish Sorranto District"
"desc_3","Finish Kalintor District"
"desc_4","Finish Mega District"
"desc_5","Finish Greenland District"
"desc_6","Finish Spiral arm District"
"desc_7","Finish Highland District"
"desc_8","Finish Felix District"
"desc_9","Win Arena 1 time"
"desc_10","Win Arena 5 times"
"desc_11","Win Arena 10 times"
"desc_12","Win Arena 50 times"
"desc_13","Win Arena 100 times"
"desc_14","Win Arena 300 times"
"desc_15","Arena champion"
"desc_16","Achieved VIP 1"
"desc_17","Achieved VIP 4"
"desc_18","Achieved VIP 12"
"desc_19","Achieved level 10"
"desc_20","Achieved level 20"
"desc_21","Achieved level 30"
"desc_22","Achieved level 40"
"desc_23","Achieved level 50"
"desc_24","Achieved level 60"
"desc_25","Achieved level 70"
"desc_26","Get 5 R-5 Galactonite on Lv10"
"desc_27","Recruit 3 commander and 3 elite commander."
"classify_overview","OverView"
"classify_fleets_strength","Fleets"
"classify_military_career","Career Soldier"
"classify_plot","Plot"
"classify_activity","Activity"
"classify_start_alliance","Star Alliance"
"group_krypton","Galactonite"
"group_commander","Commander"
"group_champion","Arena"
"group_level","Level"
"group_vip","V.I.P"
"PRESTIGE_1","Recruit"
"PRESTIGE_2","Private"
"PRESTIGE_3","Private First Class"
"PRESTIGE_4","Lance Corporal"
"PRESTIGE_5","Corporal"
"PRESTIGE_6","Sergeant"
"PRESTIGE_7","Sergeant Major"
"PRESTIGE_8","Second Lieutenant"
"PRESTIGE_9","Lieutenant"
"PRESTIGE_10","Captain"
"PRESTIGE_11","Major"
"PRESTIGE_12","Lieutenant Colonel"
"PRESTIGE_13","Colonel"
"PRESTIGE_14","Brigadier"
"PRESTIGE_15","Major General"
"PRESTIGE_16","Lieutenant General"
"PRESTIGE_17","Admiral"
"PRESTIGE_18","One-Star Admiral"
"PRESTIGE_19","Two-Star Admiral"
"PRESTIGE_20","Three-Star Admiral"
"PRESTIGE_21","Four-Star Admiral"
"PRESTIGE_22","Five-Star Admiral"
"PRESTIGE_23","Marshal"
"PRESTIGE_24","Generalissimo"
"title_28","Planet Will"
"title_29","Planet Owner"
"title_30","Shining"
"title_31","Radiant"
"title_32","New guest"
"title_33","Moneybags"
"title_34","On Your Marks"
"title_35","Iron Bench"
"title_36","Group of Legends"
"title_37","Bachelor"
"title_38","Master"
"title_39","PHD"
"title_40","Hyperspeed"
"title_41","Acceleration"
"title_42","Speed Racer"
"title_43","Wind Rider"
"title_44","Bumper Harvest"
"title_45","Airstrike"
"title_46","My Territory"
"title_47","Poor Darling"
"title_48","Philanthropist"
"title_49","I'm a Pirate"
"title_50","Myopia"
"title_51","Notorious"
"title_52","King Pirate"
"title_53","Miser"
"title_54","Little Miner"
"title_55","Rags to Riches"
"title_56","Mining Giant"
"title_57","Trickster"
"title_58","Taste of Power"
"title_59","Lords"
"title_60","Long Live the Allies"
"title_61","Wait and See"
"title_62","Independence Day"
"title_63","Rope-a-dope"
"title_64","Strength of Unity"
"title_65","Slayer"
"title_66","Mainstay"
"desc_28","Lv.80 Player"
"desc_29","Lv.90 Player"
"desc_30","Get 25x Lv.5 R-3 Galactonite"
"desc_31","Get 5x Lv.5 R-4 Galactonite"
"desc_32","Get 5x Lv.10 R-6 Galactonite"
"desc_33","Reach VIP 8"
"desc_34","Recruit 4 commanders"
"desc_35","Recruit 9 S-rank commanders"
"desc_36","Recruit 4 Heroes of Conquer the Cosmos "
"desc_37","All Initial Tech to Lv.90"
"desc_38","All Advanced Tech to Lv.90"
"desc_39","All Core Tech at Lv.90"
"desc_40","Use Pandora Booster Fuel 1 time"
"desc_41","Use Pandora Booster Fuel 10 times"
"desc_42","Use Pandora Booster Fuel 100 times"
"desc_43","Use Pandora Booster Fuel 1000 times"
"desc_44","Get at least 100k Tech Points in one Pandora Cluster event."
"desc_45","You have been destroyed by a Missile in the Pandora Cluster"
"desc_46","You got Executive title in Pandora Cluster."
"desc_47","Get plundered one time"
"desc_48","Get plundered 100 times"
"desc_49","Successfully plunder other players one time"
"desc_50","Plunder Failed"
"desc_51","You have successfully plundered other players 100 times"
"desc_52","You have successfully plundered other players 1000 times"
"desc_53","Successfully resisted being plundered 1 time"
"desc_54","Mine one time"
"desc_55","Mine 100 times"
"desc_56","Mine 1000 times"
"desc_57","Prank a colonizer one time"
"desc_58","Successfully Colonize"
"desc_59","Rule over other players 100 times"
"desc_60","Ally to the Rescue"
"desc_61","Failed to resist Colonization"
"desc_62","Win on your own"
"desc_63","Use Battle-Bot"
"desc_64","Successfully take part in Primus Battle"
"desc_65","Deal final strike to Primus"
"desc_66","Deal most damage in Primus Battle"
"classify_new","New"
"group_pandora","Pandora Cluster"
"group_technology","Research Center"
"group_mining","MINE"
"group_colony","Colonize"
"group_senior","PRIMUS"
"title_67","Galaxy Ship"
"title_68","Musket "
"title_69","Bronze Armor"
"title_70","Fledgling"
"title_71","Defensive Stance"
"title_72","Destroyer Apprentice"
"title_73","Not Afraid"
"title_74","Fly to Space"
"title_75","Galaxy Mothership"
"title_76","Weapon Mastery"
"title_77","Silver Armor"
"title_78","In the House"
"title_79","Guardian Force"
"title_80","Destroy Force"
"title_81","Defense"
"title_82","Speed of Light"
"title_83","More than Large"
"title_84","Nobody Beats"
"title_85","Golden Armour"
"title_86","Mother Nature"
"title_87","Final Protect"
"title_88","The Annihilation"
"title_89","Undying"
"title_90","Unmatched"
"desc_67","Basic Hull at Lv.30"
"desc_68","Basic Primary Gun at Lv.30"
"desc_69","Basic Armor at Lv.30"
"desc_70","Basic Firepower at Lv.30"
"desc_71","Basic Protection at Lv.30"
"desc_72","Basic Energy Output at Lv.30"
"desc_73","Basic Shield at Lv.30"
"desc_74","Basic Engine at Lv.30"
"desc_75","Enhanced Hull at Lv.60"
"desc_76","Enhanced Primary Gun at Lv.60"
"desc_77","Enhanced Armor at Lv.60"
"desc_78","Enhanced Firepower at Lv.60"
"desc_79","Enhanced Protection at Lv.60"
"desc_80","Enhanced Energy Output at Lv.60"
"desc_81","Enhanced Shield at Lv.60"
"desc_82","Enhanced Engine at Lv.60"
"desc_83","Advanced Hull at Lv.90"
"desc_84","Advanced Primary Gun at Lv.90"
"desc_85","Advanced Armor at Lv.90"
"desc_86","Advanced Firepower at Lv.90"
"desc_87","Advanced Protection at Lv.90"
"desc_88","Advanced Energy Output at Lv.90"
"desc_89","Advanced Shield at Lv.90"
"desc_90","Advanced Engine at Lv.90"
"title_91","Brand new world"
"title_92","Ruler of the Cosmos"
"title_93","Postdoctorate"
"title_94","Unprecedented "
"title_95","Power of Creation"
"title_96","Invincibility"
"title_97","Galactic Law"
"title_98","Invisibility"
"title_99","Power of Doom"
"title_100","Eternal Legend"
"title_101","Chasing the past"
"title_102","Battle Scarred"
"title_103","Path of Honor"
"desc_91","Clear Elemental Dimension reaches Level 100"
"desc_92","Lv.100 Player"
"desc_93","High Dimension Technology reaches Level 100"
"desc_94","Extra Dimensional Hull reaches Level 100"
"desc_95","Extra Dimensional Cannon reaches Level 100"
"desc_96","Extra Dimensional Armor reaches Level 100"
"desc_97","Extra Dimensional AP reaches Level 100"
"desc_98","Extra Dimensional SPE reaches Level 100"
"desc_99","Extra Dimensional Output reaches Level 100"
"desc_100","Extra Dimensional Shield reaches Level 100"
"desc_101","Extra Dimensional Engine reaches Level 100"
"desc_102","Clear Mostel"
"desc_103","Reach Lv110"
"title_201","Path of HonorⅠ"
"title_202","Path of HonorⅡ"
"title_203","Path of HonorⅢ"
"title_204","Path of HonorⅣ"
"title_205","Path of HonorⅤ"
"title_206","Path of HonorⅥ"
"title_207","Path of HonorⅦ"
"title_208","Path of HonorⅧ"
"title_209","Path of HonorⅨ"
"title_210","Path of HonorⅩ"
"title_211","Path of HonorⅪ"
"title_212","Iron FistedⅠ"
"title_213","Iron FistedⅡ"
"title_214","Iron FistedⅢ"
"title_215","Iron FistedⅣ"
"title_216","Iron FistedⅤ"
"title_217","Iron FistedⅥ"
"title_218","Planet OwnerⅠ"
"title_219","Planet OwnerⅡ"
"title_220","Planet OwnerⅢ"
"title_221","Planet OwnerⅣ"
"title_222","Planet OwnerⅤ"
"title_223","Planet OwnerⅥ"
"title_224","Brand new worldⅠ"
"title_225","Brand new worldⅡ"
"title_226","Brand new worldⅢ"
"title_227","Brand new worldⅣ"
"title_228","Brand new worldⅤ"
"title_229","Brand new worldⅥ"
"title_230","Brand new worldⅦ"
"title_231","Brand new worldⅧ"
"title_232","Brand new worldⅨ"
"title_233","Brand new worldⅩ"
"title_234","GraduateⅠ"
"title_235","GraduateⅡ"
"title_236","GraduateⅢ"
"title_237","Galaxy Ship"
"title_238","Musket"
"title_239","Bronze Armor"
"title_240","Fledgling"
"title_241","Defensive Stance"
"title_242","Destroyer Apprentice"
"title_243","Not Afraid"
"title_244","Fly to Space"
"title_245","Galaxy Mothership"
"title_246","Weapon Mastery"
"title_247","Silver Armor"
"title_248","In the House"
"title_249","Guardian Force"
"title_250","Destroy Force"
"title_251","Defense"
"title_252","Speed of Light"
"title_253","More than Large"
"title_254","Nobody Beats"
"title_255","Golden Armour"
"title_256","Mother Nature"
"title_257","Final Protect"
"title_258","The Annihilation"
"title_259","Undying"
"title_260","Unmatched"
"title_261","Unprecedented"
"title_262","Power of Creation"
"title_263","Invincibility"
"title_264","Galactic Law"
"title_265","Invisibility"
"title_266","Power of Doom"
"title_267","Eternal Legend"
"title_268","Chasing the past"
"title_269","Battle ScarredⅠ"
"title_270","Battle ScarredⅡ"
"title_271","Battle ScarredⅢ"
"title_272","Battle ScarredⅣ"
"title_273","Battle ScarredⅤ"
"title_274","Battle ScarredⅥ"
"title_275","Battle ScarredⅦ"
"title_276","Battle ScarredⅧ"
"title_277","Battle ScarredⅨ"
"title_278","For the EmpireⅠ"
"title_279","For the EmpireⅡ"
"title_280","For the EmpireⅢ"
"title_281","For the EmpireⅣ"
"title_282","For the EmpireⅤ"
"title_283","For the EmpireⅥ"
"title_284","For the EmpireⅦ"
"title_285","For the EmpireⅧ"
"title_286","DominatorⅠ"
"title_287","DominatorⅡ"
"title_288","DominatorⅢ"
"title_289","DominatorⅣ"
"title_290","DominatorⅤ"
"title_291","DominatorⅥ"
"title_292","Strength of Unity"
"title_293","Rope-a-dope"
"title_294","Slayer"
"title_295","Mainstay"
"title_296","Little MinerⅠ"
"title_297","Little MinerⅡ"
"title_298","Little MinerⅢ"
"title_299","I'm a PirateⅠ"
"title_300","I'm a PirateⅡ"
"title_301","I'm a PirateⅢ"
"title_302","Taste of PowerⅠ"
"title_303","Taste of PowerⅡ"
"title_304","Taste of PowerⅢ"
"title_305","Never Give UpⅠ"
"title_306","Never Give UpⅡ"
"title_307","Never Give UpⅢ"
"title_308","I'm a PirateⅠ"
"title_309","I'm a PirateⅡ"
"title_310","I'm a PirateⅢ"
"title_311","TricksterⅠ"
"title_312","TricksterⅡ"
"title_313","TricksterⅢ"
"title_314","Long Live the Allies"
"title_315","Independence Day"
"title_316","UnstoppableⅠ"
"title_317","UnstoppableⅡ"
"title_318","UnstoppableⅢ"
"title_319","UnstoppableⅣ"
"title_320","UnstoppableⅤ"
"title_321","GodlikeⅠ"
"title_322","GodlikeⅡ"
"title_323","GodlikeⅢ"
"title_324","GodlikeⅣ"
"title_325","GodlikeⅤ"
"title_326","GodlikeⅥ"
"title_327","Endless Nightmare"
"title_328","Ripped Battlefield"
"title_329","Sharp Edged"
"title_330","Free Fire"
"title_331","Razor Sharp"
"title_332","Pentathlon"
"title_333","Joust for Peace"
"title_334","Wind RiderⅠ"
"title_335","Wind RiderⅡ"
"title_336","Wind RiderⅢ"
"title_337","Planet WillⅠ"
"title_338","Planet WillⅡ"
"title_339","Planet WillⅢ"
"title_340","Planet WillⅣ"
"title_341","Planet WillⅤ"
"title_342","Planet WillⅥ"
"title_343","Planet WillⅦ"
"title_344","Planet WillⅧ"
"title_345","Deeply Impressed"
"title_346","Love Hunting"
"title_347","Devil Hunter"
"title_348","King PirateⅠ"
"title_349","King PirateⅡ"
"title_350","King PirateⅢ"
"title_351","King PirateⅣ"
"title_352","King PirateⅤ"
"title_353","King PirateⅥ"
"title_354","King PirateⅦ"
"title_355","King PirateⅧ"
"title_356","King PirateⅨ"
"title_357","UntouchableⅠ"
"title_358","UntouchableⅡ"
"title_359","UntouchableⅢ"
"title_360","UntouchableⅣ"
"title_361","UntouchableⅤ"
"title_362","UntouchableⅥ"
"title_363","UntouchableⅦ"
"title_364","UntouchableⅧ"
"title_365","ManipulatorⅠ"
"title_366","ManipulatorⅡ"
"title_367","ManipulatorⅢ"
"title_368","ManipulatorⅣ"
"title_369","ManipulatorⅤ"
"title_370","ManipulatorⅥ"
"title_371","ManipulatorⅦ"
"title_372","ManipulatorⅧ"
"title_373","ManipulatorⅨ"
"title_374","ManipulatorⅩ"
"title_375","ManipulatorⅪ"
"title_376","ManipulatorⅫ"
"title_377","ManipulatorXIII"
"title_378","Brave Heart"
"title_379","DominateⅠ"
"title_380","DominateⅡ"
"title_381","DominateⅢ"
"title_382","DominateⅣ"
"title_383","Monster HunterⅠ"
"title_384","Monster HunterⅡ"
"title_385","Monster HunterⅢ"
"title_386","Monster HunterⅣ"
"title_387","Monster HunterⅤ"
"title_388","Monster HunterⅥ"
"title_389","Monster HunterⅦ"
"title_390","My TerritoryⅠ"
"title_391","My TerritoryⅡ"
"title_392","My TerritoryⅢ"
"title_393","My TerritoryⅣ"
"title_394","My TerritoryⅤ"
"title_395","My TerritoryⅥ"
"title_396","My TerritoryⅦ"
"title_397","My TerritoryⅧ"
"title_398","My TerritoryⅨ"
"title_399","My TerritoryⅩ"
"title_400","My TerritoryⅪ"
"title_401","Bumper HarvestⅠ"
"title_402","Bumper HarvestⅡ"
"title_403","Bumper HarvestⅢ"
"title_404","Bumper HarvestⅣ"
"title_405","Bumper HarvestⅤ"
"title_406","Bumper HarvestⅥ"
"title_407","Bumper HarvestⅦ"
"title_408","Bumper HarvestⅧ"
"title_409","Bumper HarvestⅨ"
"title_410","Bumper HarvestⅩ"
"title_411","Bumper HarvestⅪ"
"title_412","Bumper HarvestⅫ"
"title_413","Mighty PowerⅠ"
"title_414","Mighty PowerⅡ"
"title_415","Mighty PowerⅢ"
"title_416","Mighty PowerⅣ"
"title_417","Mighty PowerⅤ"
"title_418","Mighty PowerⅥ"
"title_419","Mighty PowerⅦ"
"title_420","Heart of GloryⅠ"
"title_421","Heart of GloryⅡ"
"title_422","Heart of GloryⅢ"
"title_423","Emperor's MannerⅠ"
"title_424","Emperor's MannerⅡ"
"title_425","Emperor's MannerⅢ"
"title_426","Evil GovernorⅠ"
"title_427","Evil GovernorⅡ"
"title_428","Evil GovernorⅢ"
"title_429","It's Me!"
"title_430","Light Monster"
"title_431","Dark Demon"
"title_432","No Desires, No Worries"
"title_433","OverwhelmingⅠ"
"title_434","OverwhelmingⅡ"
"title_435","OverwhelmingⅢ"
"title_436","Light of Asterism"
"title_437","Dazzling"
"title_438","Sun and Moon"
"title_439","Brightness"
"title_440","Module Collector"
"title_441","Reshape MasterⅠ"
"title_442","Reshape MasterⅡ"
"title_443","Mechanical MasterⅠ"
"title_444","Mechanical MasterⅡ"
"title_445","Mechanical MasterⅢ"
"title_446","Sand StormⅠ"
"title_447","Sand StormⅡ"
"title_448","Scarlet BladeⅠ"
"title_449","Scarlet BladeⅡ"
"title_450","Emerald BlissⅠ"
"title_451","Emerald BlissⅡ"
"title_452","MoneybagsⅠ"
"title_453","MoneybagsⅡ"
"title_454","MoneybagsⅢ"
"title_455","MoneybagsⅣ"
"title_456","MoneybagsⅤ"
"title_457","MoneybagsⅥ"
"title_458","MoneybagsⅦ"
"title_459","MoneybagsⅧ"
"title_460","MoneybagsⅨ"
"title_461","MoneybagsⅩ"
"title_462","MoneybagsⅪ"
"title_463","MoneybagsⅫ"
"title_464","Builder"
"title_465","Locksmith"
"title_466","Money Grubber"
"title_467","Lucky Dog"
"title_468","Customers First"
"title_469","AscendingⅠ"
"title_470","AscendingⅡ"
"title_471","AscendingⅢ"
"title_472","AscendingⅣ"
"title_473","AscendingⅤ"
"title_474","AscendingⅥ"
"title_475","AscendingⅦ"
"title_476","Fight Side by Side"
"title_477","Cover the Back"
"title_478","Share Happiness and Woe"
"title_479","Benevolence"
"title_480","Pioneer"
"desc_201","Achieved level 10"
"desc_202","Achieved level 20"
"desc_203","Achieved level 30"
"desc_204","Achieved level 40"
"desc_205","Achieved level 50"
"desc_206","Achieved level 60"
"desc_207","Achieved level 70"
"desc_208","Lv.80 Player"
"desc_209","Lv.90 Player"
"desc_210","Lv.100 Player"
"desc_211","Reach Lv110"
"desc_212","20 pieces of equipment reaches Lv30"
"desc_213","20 pieces of equipment reaches Lv60"
"desc_214","30 pieces of equipment reaches Lv60"
"desc_215","30 pieces of equipment reaches Lv90"
"desc_216","30 pieces of equipment reaches Lv100"
"desc_217","30 pieces of equipment reaches Lv110"
"desc_218","20 pieces of equipment interference reaches Lv10"
"desc_219","20 pieces of equipment interference reaches Lv20"
"desc_220","20 pieces of equipment interference reaches Lv40"
"desc_221","30 pieces of equipment interference reaches Lv60"
"desc_222","30 pieces of equipment interference reaches Lv80"
"desc_223","30 pieces of equipment interference reaches Lv100"
"desc_224","Finish Lawsry District"
"desc_225","Finish Sorranto District"
"desc_226","Finish Kalintor District"
"desc_227","Finish Mega District"
"desc_228","Finish Greenland District"
"desc_229","Finish Spiral arm District"
"desc_230","Finish Highland District"
"desc_231","Finish Felix District"
"desc_232","Clear Elemental Dimension reaches Level 100"
"desc_233","Clear Mostel"
"desc_234","3 ships available in the formation"
"desc_235","4 ships available in the formation"
"desc_236","5 ships available in the formation"
"desc_237","Basic Hull at Lv.30"
"desc_238","Basic Primary Gun at Lv.30"
"desc_239","Basic Armor at Lv.30"
"desc_240","Basic Firepower at Lv.30"
"desc_241","Basic Protection at Lv.30"
"desc_242","Basic Energy Output at Lv.30"
"desc_243","Basic Shield at Lv.30"
"desc_244","Basic Engine at Lv.30"
"desc_245","Enhanced Hull at Lv.60"
"desc_246","Enhanced Primary Gun at Lv.60"
"desc_247","Enhanced Armor at Lv.60"
"desc_248","Enhanced Firepower at Lv.60"
"desc_249","Enhanced Protection at Lv.60"
"desc_250","Enhanced Energy Output at Lv.60"
"desc_251","Enhanced Shield at Lv.60"
"desc_252","Enhanced Engine at Lv.60"
"desc_253","Advanced Hull at Lv.90"
"desc_254","Advanced Primary Gun at Lv.90"
"desc_255","Advanced Armor at Lv.90"
"desc_256","Advanced Firepower at Lv.90"
"desc_257","Advanced Protection at Lv.90"
"desc_258","Advanced Energy Output at Lv.90"
"desc_259","Advanced Shield at Lv.90"
"desc_260","Advanced Engine at Lv.90"
"desc_261","Extra Dimensional Hull reaches Level 100"
"desc_262","Extra Dimensional Cannon reaches Level 100"
"desc_263","Extra Dimensional Armor reaches Level 100"
"desc_264","Extra Dimensional AP reaches Level 100"
"desc_265","Extra Dimensional SPE reaches Level 100"
"desc_266","Extra Dimensional Output reaches Level 100"
"desc_267","Extra Dimensional Shield reaches Level 100"
"desc_268","Extra Dimensional Engine reaches Level 100"
"desc_269","Any 2 parts of Armor Reshape reach Lv30"
"desc_270","Any 3 parts of Armor Reshape reach Lv40"
"desc_271","Any 4 parts of Armor Reshape reach Lv50"
"desc_272","All parts of Armor Reshape reach Lv60"
"desc_273","All parts of Armor Reshape reach Lv70"
"desc_274","All parts of Armor Reshape reach Lv80"
"desc_275","All parts of Armor Reshape reach Lv90"
"desc_276","All parts of Armor Reshape reach Lv95"
"desc_277","All parts of Armor Reshape reach Lv100"
"desc_278","Total Force reaches 100,000"
"desc_279","Total Force reaches 500,000"
"desc_280","Total Force reaches 1,000,000"
"desc_281","Total Force reaches 5,000,000"
"desc_282","Total Force reaches 10,000,000"
"desc_283","Total Force reaches 50,000,000"
"desc_284","Total Force reaches 100,000,000"
"desc_285","Total Force reaches 500,000,000"
"desc_286","Pass through Wave 100 in Corridor of Time and Space"
"desc_287","Pass through Wave 200 in Corridor of Time and Space"
"desc_288","Pass through Wave 300 in Corridor of Time and Space"
"desc_289","Pass through Wave 400 in Corridor of Time and Space"
"desc_290","Pass through Wave 500 in Corridor of Time and Space"
"desc_291","Pass through Wave 550 in Corridor of Time and Space"
"desc_292","Successfully take part in Primus Battle"
"desc_293","Use Battle-Bot"
"desc_294","Deal final strike to Primus"
"desc_295","Deal most damage in Primus Battle"
"desc_296","Mine one time"
"desc_297","Mine 10 times"
"desc_298","Mine 100 times"
"desc_299","Successfully plunder once"
"desc_300","Successfully plunder 10 times"
"desc_301","Successfully plunder 100 times"
"desc_302","Successfully colonize once"
"desc_303","Successfully colonize 10 times"
"desc_304","Successfully colonize 100 times"
"desc_305","Liberate ally once"
"desc_306","Liberate ally 10 times"
"desc_307","Liberate ally 100 times"
"desc_308","Reap colonial EXP once"
"desc_309","Reap colonial EXP 10 times"
"desc_310","Reap colonial EXP 100 times"
"desc_311","Prank a colonizer one time"
"desc_312","Command colonial planet 10 times"
"desc_313","Command colonial planet 100 times"
"desc_314","Ally to the Rescue"
"desc_315","Win on your own"
"desc_316","Win Arena 1 time"
"desc_317","Win Arena 5 times"
"desc_318","Win Arena 10 times"
"desc_319","Win Arena 50 times"
"desc_320","Win Arena 100 times"
"desc_321","Win Arena 300 times"
"desc_322","Become Top 100 in the Arena"
"desc_323","Become Top 50 in the Arena"
"desc_324","Become Top 10 in the Arena"
"desc_325","Become Top 3 in the Arena"
"desc_326","Arena champion"
"desc_327","Cumulatively defeat 10 Rovers in the Arena "
"desc_329","Cumulatively defeat 10 Striker in the Arena"
"desc_330","Cumulatively defeat 10 Destroyers in the Arena"
"desc_331","Cumulatively defeat 10 Protectors in the Arena"
"desc_332","Use 5 ships of different classes to battle in the Arena"
"desc_333","Search for opponents once in Galaxy League"
"desc_334","Win 1 battle in Galaxy League"
"desc_335","Win 10 battles in Galaxy League"
"desc_336","Win 100 battles in Galaxy League"
"desc_337","Rank Top 2000 in Galaxy League"
"desc_338","Rank Top 1200 in Galaxy League"
"desc_339","Rank Top 600 in Galaxy League"
"desc_340","Rank Top 240 in Galaxy League"
"desc_341","Rank Top 120 in Galaxy League"
"desc_342","Rank Top 30 in Galaxy League"
"desc_343","Rank Top 3 in Galaxy League"
"desc_344","Become the champion in Galaxy League"
"desc_345","Fight a player twice in Galaxy League"
"desc_346","Fight female characters twice in Galaxy League"
"desc_347","Fight male characters twice in Galaxy League"
"desc_348","Join in 10 Conquer the Cosmos battles"
"desc_349","Join in 50 Conquer the Cosmos battles"
"desc_350","Join in 100 Conquer the Cosmos battles"
"desc_351","Join in 200 Conquer the Cosmos battles"
"desc_352","Join in 400 Conquer the Cosmos battles"
"desc_353","Join in 700 Conquer the Cosmos battles"
"desc_354","Join in 1000 Conquer the Cosmos battles"
"desc_355","Join in 1500 Conquer the Cosmos battles"
"desc_356","Join in 2500 Conquer the Cosmos battles"
"desc_357","Win 5 personal battles in Conquer the Cosmos"
"desc_358","Win 20 personal battles in Conquer the Cosmos"
"desc_359","Win 50 personal battles in Conquer the Cosmos"
"desc_360","Win 100 personal battles in Conquer the Cosmos"
"desc_361","Win 200 personal battles in Conquer the Cosmos"
"desc_362","Win 500 personal battles in Conquer the Cosmos"
"desc_363","Win 1000 personal battles in Conquer the Cosmos"
"desc_364","Win 2000 personal battles in Conquer the Cosmos"
"desc_365","Reach 500 points in one Conquer the Cosmos event"
"desc_366","Reach 1000 points in one Conquer the Cosmos event"
"desc_367","Reach 2000 points in one Conquer the Cosmos event"
"desc_368","Reach 5000 points in one Conquer the Cosmos event"
"desc_369","Reach 10000 points in one Conquer the Cosmos event"
"desc_370","Reach 30000 points in one Conquer the Cosmos event"
"desc_371","Reach 50000 points in one Conquer the Cosmos event"
"desc_372","Reach 70000 points in one Conquer the Cosmos event"
"desc_373","Reach 100000 points in one Conquer the Cosmos event"
"desc_374","Reach 150000 points in one Conquer the Cosmos event"
"desc_375","Reach 250000 points in one Conquer the Cosmos event"
"desc_376","Reach 500000 points in one Conquer the Cosmos event"
"desc_377","Reach 1000000 points in one Conquer the Cosmos event"
"desc_378","Join in a Cross-Cosmos Competition"
"desc_379","Rank Top 32 in the Cross-Cosmos Competition"
"desc_380","Rank Top 16 in the Cross-Cosmos Competition"
"desc_381","Rank Top 8 in the Cross-Cosmos Competition"
"desc_382","Rank Top 4 in the Cross-Cosmos Competition"
"desc_383","Defeat monsters once in Primus Invasion"
"desc_384","Defeat monsters 10 Times in Primus Invasion"
"desc_385","Defeat monsters 100 Times in Primus Invasion"
"desc_386","Defeat monsters 1000 Times in Primus Invasion"
"desc_387","Defeat monsters 2000 Times in Primus Invasion"
"desc_388","Defeat monsters 5000 Times in Primus Invasion"
"desc_389","Defeat monsters 10000 Times in Primus Invasion"
"desc_390","Win 5 Personal Battles in Pandora Cluster"
"desc_391","Win 10 Personal Battles in Pandora Cluster"
"desc_392","Win 20 Personal Battles in Pandora Cluster"
"desc_393","Win 40 Personal Battles in Pandora Cluster"
"desc_394","Win 80 Personal Battles in Pandora Cluster"
"desc_395","Win 150 Personal Battles in Pandora Cluster"
"desc_396","Win 300 Personal Battles in Pandora Cluster"
"desc_397","Win 500 Personal Battles in Pandora Cluster"
"desc_398","Win 1000 Personal Battles in Pandora Cluster"
"desc_399","Win 1500 Personal Battles in Pandora Cluster"
"desc_400","Win 3000 Personal Battles in Pandora Cluster"
"desc_401","Reach 5 Pandora Influence"
"desc_402","Reach 10 Pandora Influence"
"desc_403","Reach 20 Pandora Influence"
"desc_404","Reach 40 Pandora Influence"
"desc_405","Reach 60 Pandora Influence"
"desc_406","Reach 80 Pandora Influence"
"desc_407","Reach 100 Pandora Influence"
"desc_408","Reach 200 Pandora Influence"
"desc_409","Reach 300 Pandora Influence"
"desc_410","Reach 500 Pandora Influence"
"desc_411","Reach 1000 Pandora Influence"
"desc_412","Reach 1500 Pandora Influence"
"desc_413","Recruit 4 commanders"
"desc_414","Recruit 5 Commanders"
"desc_415","Recruit 6 Commanders"
"desc_416","Recruit 7 Commanders"
"desc_417","Recruit 8 Commanders"
"desc_418","Recruit 9 Commanders"
"desc_419","Recruit 10 Commanders"
"desc_420","Recruit one S4 Commander"
"desc_421","Recruit two S4 Commanders"
"desc_422","Recruit five S4 Commanders"
"desc_423","Recruit one S5 Commander"
"desc_424","Recruit two S5 Commanders"
"desc_425","Recruit three S5 Commanders"
"desc_426","Recruit one Purple SS Legendary Hero"
"desc_427","Recruit two Purple SS Legendary Heroes"
"desc_428","Recruit three Purple SS Legendary Heroes"
"desc_429","Recruit one Golden SS Legendary Hero"
"desc_430","Recruit 4 female Commanders"
"desc_431","Recruit 4 male Commanders"
"desc_432","Recruit 4 Commanders of unknown gender"
"desc_433","Augment 2 ships to +3"
"desc_434","Augment 3 ships to +5"
"desc_435","Augment 4 ships to +6"
"desc_436","Get 5x Lv.5 R-4 Galactonite"
"desc_437","Get 5x Lv5 R5 Galactonite"
"desc_438","Get 5x Lv5 R6 Galactonite"
"desc_439","Get 5x Lv5 R7 Galactonite"
"desc_440","Get 6x TS-2 Module"
"desc_441","Get 3x TS-3 Module"
"desc_442","Get 6x TS-3 Module"
"desc_443","Get 1x TS-4 Module"
"desc_444","Get 3x TS-4 Module"
"desc_445","Get 6x TS-4 Module"
"desc_446","Get a piece of yellow Legendary Equipment"
"desc_447","Upgrade a piece of yellow L-Equipment to Lv5"
"desc_448","Get a piece of red Legendary Equipment"
"desc_449","Upgrade a piece of Red L-Equipment to Lv5"
"desc_450","Get a piece of green Legendary Equipment"
"desc_451","Upgrade a piece of green L-Equipment to Lv5"
"desc_452","Become VIP1"
"desc_453","Become VIP2"
"desc_454","Become VIP3"
"desc_455","Become VIP4"
"desc_456","Become VIP5"
"desc_457","Become VIP6"
"desc_458","Become VIP7"
"desc_459","Become VIP8"
"desc_460","Become VIP9"
"desc_461","Become VIP10"
"desc_462","Become VIP11"
"desc_463","Become VIP12"
"desc_464","Join in Empire's Treasure once"
"desc_465","Join in Galactic Reserve once"
"desc_466","Join in Interstellar Treasure Hunt once"
"desc_467","Join in Galaxy Monopoly once"
"desc_468","Purchase an item from the Shop"
"desc_469","Cumulative login 1 day"
"desc_470","Cumulative login 2 days"
"desc_471","Cumulative login 3 days"
"desc_472","Cumulative login 4 days"
"desc_473","Cumulative login 5 days"
"desc_474","Cumulative login 6 days"
"desc_475","Cumulative login 7 days"
"desc_476","Join an Alliance"
"desc_477","Donate once in Alliance"
"desc_478","Help with Armor Reshape once"
"desc_479","Donate once in the Alliance Fortress"
"desc_480","Join in Cosmic Expedition once"
