"TITLE_1103","Battle Debris"
"DES_1103","Found some debris from a previous encounters with pirates - maybe we can find something useful here."
"RESULT_1103","Recycling team recovered a usable cannon."
"TITLE_1105","Debris Abandoned by Pirates"
"DES_1105","Looks like it's debris abandoned by pirates - the contents or value are unknown."
"RESULT_1105","Our recycling team has located some civilian items pillaged by pirates."
"TITLE_1109","Abandoned Relay Space Station"
"DES_1109","Located a space station which was used to transfer cargo - looks like it was robbed by pirates."
"RESULT_1109","Our recycling team has located two sets of intact fleet armor."
"TITLE_2104","Abnormal Energy Reaction"
"DES_2104","Nearby abnormal reaction detected - with luck we'll find something useful."
"RESULT_2104","Detector has collected some coins, The word "Dexter" was written on it."
"TITLE_2109","Destroyed Imperial Supply Station"
"DES_2109","A completely destroyed imperial supply station - with luck we can find items of use."
"RESULT_2109","The auto-repair system has been activated, and is automatically repairing ship damage."
"TITLE_2111","An abandoned imperial dock"
"DES_2111","An old imperial dock that was used to build battleships, abandoned for no apparent reason."
"RESULT_2111","No issues encountered landing our ships in this old imperial dock."
"TITLE_3104","Abandoned Pirate Ship"
"DES_3104","According to our scan, this pirate ship appears to have been a support vessel of some kind."
"RESULT_3104","Our recycling team has located the blueprints for a repair shop within the pirate ship."
"TITLE_3107","Unusual Energy Reaction Detected"
"DES_3107","Unusual reaction detected nearby - investigation suggested."
"RESULT_3107","The collector has collected quark energy."
"TITLE_3111","Drifting Life Vessel"
"DES_3111","A Life Vessel nearly depleted of energy."
"RESULT_3111","An old man has been located in a life vessel, claiming that he was captured by rebels."
"TITLE_1008601","Space Debris"
"TITLE_1008602","Space Platform Debris"
"TITLE_1008603","Abandoned Space Station"
"TITLE_1008604","Drifting Wreckage"
"TITLE_1008605","Small, Collapsed Black Hole"
"TITLE_1008606","Battleship Wreckage"
"TITLE_1008607","Abandoned Resource Space Station "
"TITLE_1008608","Death Star Wreckage"
"TITLE_1008609","Fleet Wreckage"
"TITLE_1008610","Space Debris"
"DES_1008601","Artificial Debris left from an undetermined time. We don't know what value it has."
"DES_1008602","An abandoned space platform used for construction."
"DES_1008603","An older Destroyer-model Space Station which is no longer in use."
"DES_1008604","Materials that seem to originate from a galaxy far, far away."
"DES_1008605","Debris stuck in a large asteroid."
"DES_1008606","A once-formidable Rebel Cruiser, but has since been destroyed."
"DES_1008607","A space station constructed on an asteroid mainly used to mine for resources."
"DES_1008608","A Devourer, the ultimate weapon of staggering, destructive power. But now it's just wreckage."
"DES_1008609","An old damaged ship. This one has quite a bit of history behind it."
"DES_1008610","A huge weathered battleship. You can barely make out the word "..prise" on the side."
"RESULT_1008601","Just a pile of space debris."
"RESULT_1008602","An older model space station which has endured the aging effects of this atmosphere."
"RESULT_1008603","A space station filled with dead bodies drifting about."
"RESULT_1008604","Debris caught in the gravitational pull of a nearby moon."
"RESULT_1008605","It's not safe to stay here so we should move out. At least we found something useful."
"RESULT_1008606","It's almost inconceivable that rebels could construct such an impressive battleship."
"RESULT_1008607","There's nothing of use in this celestial body."
"RESULT_1008608","Debris floating within an asteroid belt."
"RESULT_1008609","A once famous battleship, now almost completely unusable."
"RESULT_1008610","This old ship named the "Enterprise" actually contains quantum teleportation device."
"TITLE_1001001","Imperial Pirate Skirmish"
"TITLE_1001002","Unknown Partisan Troops"
"TITLE_1001003","Unknown Armed Fleet"
"DES_1001001","A small group of pirates is getting away. Should we pursue and attack?"
"DES_1001002","We don't know this fleet or its objective. Should we pursue and attack?"
"DES_1001003","We don't know this fleet or its objective. Should we pursue and attack?"
"RESULT_1001001","Looks like we made the right choice. These resources are ours now."
"RESULT_1001002","Not much here but rubble."
"RESULT_1001003","It's so much simpler that we imagined."
"FAILED_1001001","That fleet was incredibly well trained. We were defeated in battle."
"FAILED_1001002","Pursuit attack failed! They managed to escape somehow, perhaps due to a weakness in our formation."
"FAILED_1001003","Well, this is embarassing. What kind of rogue troops have that kind of power?"
"TITLE_60001104","Aster exudes a mysterious celestial energy."
"DES_60001104","Through sensor analysis, we have discovered that the energy spectrum is very similar to that used in our Accumulator system."
"RESULT_60001104","As our ships approached, we encountered a sudden surge of energy into our Accumulator system."
"TITLE_60001110","It seems to be someting the Rebels discarded."
"DES_60001110","Sometimes, enemies will drop useful items when they retreat."
"RESULT_60001110","It's a container discarded by the rebels."
"DUNDEON_DIALOG_1","What's a small-timer like you doing all the way out here? Be careful or you might get hurt."
"DUNDEON_DIALOG_2","&*）&*%（（⋯⋯"
"DUNDEON_DIALOG_3","Every other commander is a bit slow. I'm sure it's not me, so it must be you."
"DUNDEON_DIALOG_4","Just one request...Don't touch my face."
"DUNDEON_DIALOG_5","No one can defeat the great NPC! No one!!"
"DUNDEON_DIALOG_6","%&*@#$@$"
"DUNDEON_DIALOG_999","Wow, you actually won. I guess I was wrong about you."
"DUNDEON_DIALOG_7","Haha, my armor can defend attacks from any Protectors! Don’t be too afraid! "
"DUNDEON_DIALOG_8","You plan to bring Strikers to the battlefield? Oh, they are completely useless! "
"DUNDEON_DIALOG_9","All Rangers’ attacks are useless on me. Would you like to try? "
"DUNDEON_DIALOG_10","Destroyers are “Nightmares�?? I am not afraid of them. "
"DUNDEON_DIALOG_11","I will not tell you Rover attacks have no effect on me! "
"DUNDEON_DIALOG_12","Your attacks will be in vain! Tremble under my shadow! "
