"AREA1_1001_NAME","Pirate Scout"
"AREA1_1002_NAME","Pirate Scout"
"AREA1_1004_NAME","Pirate Scout"
"AREA1_1006_NAME","Scout Captain"
"AREA1_1007_NAME","Pirate Ship"
"AREA1_1008_NAME","Pirate Ship"
"AREA1_1010_NAME","Pirate Ship"
"AREA1_1011_NAME","Pirate Flagship"
"AREA1_1205_NAME","Imperial Pirate Skirmish"
"AREA1_1001_DESC","Exploratory Fleet"
"AREA1_1002_DESC","Exploratory Fleet"
"AREA1_1004_DESC","Exploratory Fleet"
"AREA1_1006_DESC","Pirate Commander of Recon Troops"
"AREA1_1007_DESC","Thief Mission Pirate Vessel"
"AREA1_1008_DESC","Thief Mission Pirate Vessel"
"AREA1_1010_DESC","Thief Mission Pirate Vessel"
"AREA1_1011_DESC","Commander of Robbery Mission"
"AREA1_1205_DESC","Unmanned Pirate Ship"
"AREA1_2001_NAME","Pirate Patrol"
"AREA1_2002_NAME","Pirate Patrol"
"AREA1_2003_NAME","Pirate Patrol"
"AREA1_2004_NAME","Pirate Patrol"
"AREA1_2005_NAME","Pirate Patrol"
"AREA1_2006_NAME","Patrol  Commander"
"AREA1_2007_NAME","Pirate Main Fleet"
"AREA1_2008_NAME","Pirate Main Fleet"
"AREA1_2009_NAME","Pirate Main Fleet"
"AREA1_2010_NAME","Pirate Main Fleet"
"AREA1_2011_NAME","Duyal"
"AREA1_2012_NAME","Duyal"
"AREA1_2202_NAME","Unknown Armed Vessel"
"AREA1_2204_NAME","Unknown Armed Vessel"
"AREA1_2001_DESC","Pirate Patrol Ships"
"AREA1_2002_DESC","Pirate Patrol Ships"
"AREA1_2003_DESC","Pirate Patrol Ships"
"AREA1_2004_DESC","Pirate Patrol Ships"
"AREA1_2005_DESC","Command Patrol Ship"
"AREA1_2006_DESC","Combat Mission Fleet"
"AREA1_2007_DESC","Combat Mission Fleet"
"AREA1_2008_DESC","Combat Mission Fleet"
"AREA1_2009_DESC","Combat Mission Fleet"
"AREA1_2010_DESC","Combat Mission Fleet"
"AREA1_2011_DESC","Pirate Flagship"
"AREA1_2012_DESC","Pirate Flagship"
"AREA1_2202_DESC","Unknown Armed Vessel"
"AREA1_2204_DESC","Unknown Armed Vessel"
"AREA1_3001_NAME","Rebel Patrol"
"AREA1_3002_NAME","Rebel Patrol"
"AREA1_3003_NAME","Rebel Patrol"
"AREA1_3004_NAME","Rebel Patrol"
"AREA1_3005_NAME","Patrol Flagship"
"AREA1_3006_NAME","Expedition Force"
"AREA1_3007_NAME","Expedition Force"
"AREA1_3008_NAME","Expedition Force"
"AREA1_3009_NAME","Expedition Force"
"AREA1_3010_NAME","Expedition Force"
"AREA1_3011_NAME","Expedition Flagship"
"AREA1_3012_NAME","Expedition Flagship"
"AREA1_3201_NAME","Pirate Flagship"
"AREA1_3203_NAME","Pirate Flagship"
"AREA1_3105_NAME","Pirate Flagship"
"AREA1_3106_NAME","Pirate Flagship"
"AREA1_3001_DESC","Rebel Stronghold Patrol Ship Defense"
"AREA1_3002_DESC","Rebel Stronghold Patrol Ship Defense"
"AREA1_3003_DESC","Rebel Stronghold Patrol Ship Defense"
"AREA1_3004_DESC","Rebel Stronghold Patrol Ship Defense"
"AREA1_3005_DESC","Patrol Fleet Commander"
"AREA1_3006_DESC","Rebel Stronghold Primary Forces"
"AREA1_3007_DESC","Rebel Stronghold Primary Forces"
"AREA1_3008_DESC","Rebel Stronghold Primary Forces"
"AREA1_3009_DESC","Rebel Stronghold Primary Forces"
"AREA1_3010_DESC","Rebel Stronghold Primary Forces"
"AREA1_3011_DESC","Pirate Fleet Flagship"
"AREA1_3012_DESC","Pirate Fleet Flagship"
"AREA1_3201_DESC","Unknown Squadron"
"AREA1_3203_DESC","Unknown Squadron"
"AREA1_3105_DESC","Unknown Squadron"
"AREA1_3106_DESC","Unknown Squadron"
"AREA1_4001_NAME","Rebel Deserters "
"AREA1_4002_NAME","Rebel Deserters "
"AREA1_4004_NAME","Rebel Deserters "
"AREA1_4005_NAME","Rebel Major"
"AREA1_4006_NAME","Rebel Deserters "
"AREA1_4008_NAME","Rebel Deserters "
"AREA1_4009_NAME","Rebel Commander"
"AREA1_4001_DESC","Retreating Rebel Fleet"
"AREA1_4002_DESC","Retreating Rebel Fleet"
"AREA1_4004_DESC","Looks like a Rebel Commander"
"AREA1_4005_DESC","Retreating Rebel Fleet"
"AREA1_4006_DESC","Retreating Rebel Fleet"
"AREA1_4008_DESC","Retreating Rebel Fleet"
"AREA1_4009_DESC","Rebel Fleet Commander of Questionable Motives"
"AREA1_5001_NAME","Rebel Task Force"
"AREA1_5003_NAME","Rebel Task Force"
"AREA1_5004_NAME","Rebel Task Force"
"AREA1_5005_NAME","Rebel 2nd Lieutenant"
"AREA1_5006_NAME","Rebel Task Force"
"AREA1_5007_NAME","Rebel Task Force"
"AREA1_5009_NAME","Task Force Commander "
"AREA1_5001_DESC","Occupying Rebel Garrison Fleet"
"AREA1_5003_DESC","Occupying Rebel Garrison Fleet"
"AREA1_5004_DESC","Occupying Rebel Garrison Fleet"
"AREA1_5005_DESC","Rebel 2nd Lieutenant officer, hopefully he won't get in our way."
"AREA1_5006_DESC","Occupying Rebel Garrison Fleet"
"AREA1_5007_DESC","Occupying Rebel Garrison Fleet"
"AREA1_5009_DESC","Defeat him to regain space station passage."
"AREA1_6001_NAME","Rebel Raiders "
"AREA1_6002_NAME","Rebel Raiders "
"AREA1_6003_NAME","Rebel Raiders "
"AREA1_6004_NAME","Rebel Raiders "
"AREA1_6005_NAME","Raider Commander"
"AREA1_6006_NAME","Rebel Raiders "
"AREA1_6007_NAME","Rebel Raiders "
"AREA1_6008_NAME","Rebel Raiders "
"AREA1_6009_NAME","O'Neill"
"AREA1_6010_NAME","O'Neill"
"AREA1_6001_DESC","7th Space Station Attacking Rebel Fleet"
"AREA1_6002_DESC","7th Space Station Attacking Rebel Fleet"
"AREA1_6003_DESC","7th Space Station Attacking Rebel Fleet"
"AREA1_6004_DESC","7th Space Station Attacking Rebel Fleet"
"AREA1_6005_DESC","7th Space Station Attacking Rebel Fleet"
"AREA1_6006_DESC","7th Space Station Attacking Rebel Fleet"
"AREA1_6007_DESC","7th Space Station Attacking Rebel Fleet"
"AREA1_6008_DESC","7th Space Station Attacking Rebel Fleet"
"AREA1_6009_DESC","Rebel Raider Fleet Commander"
"AREA1_6010_DESC","Rebel Raider Fleet Commander"
"AREA1_7001_NAME","Rebel 5th Fleet"
"AREA1_7002_NAME","Rebel 5th Fleet"
"AREA1_7003_NAME","Rebel 5th Fleet"
"AREA1_7004_NAME","Rebel 5th Fleet"
"AREA1_7005_NAME","The 5th Fleet Officer"
"AREA1_7006_NAME","Rebel 5th Fleet"
"AREA1_7007_NAME","Rebel 5th Fleet"
"AREA1_7008_NAME","Rebel 5th Fleet"
"AREA1_7009_NAME","Rebel 5th Fleet"
"AREA1_7010_NAME","Rebel 5th Fleet Commander"
"AREA1_7001_DESC","Rebel's 5th Fleet, skilled at fortress defense operations"
"AREA1_7002_DESC","Rebel's 5th Fleet, skilled at fortress defense operations"
"AREA1_7003_DESC","Rebel's 5th Fleet, skilled at fortress defense operations"
"AREA1_7004_DESC","Rebel's 5th Fleet, skilled at fortress defense operations"
"AREA1_7005_DESC","Rebel's 5th Fleet, skilled at fortress defense operations"
"AREA1_7006_DESC","Rebel's 5th Fleet, skilled at fortress defense operations"
"AREA1_7007_DESC","Rebel's 5th Fleet, skilled at fortress defense operations"
"AREA1_7008_DESC","Rebel's 5th Fleet, skilled at fortress defense operations"
"AREA1_7009_DESC","Rebel's 5th Fleet, skilled at fortress defense operations"
"AREA1_7010_DESC","Frontline commander of the rebel's Fifth Fleet"
"AREA1_8001_NAME","Elite Forces"
"AREA1_8002_NAME","Elite Forces"
"AREA1_8003_NAME","Elite Forces"
"AREA1_8004_NAME","Primary Forces"
"AREA1_8005_NAME","Elite Forces"
"AREA1_8006_NAME","Elite Forces"
"AREA1_8007_NAME","Elite Forces"
"AREA1_8008_NAME","Elite Forces"
"AREA1_8009_NAME","Damon"
"AREA1_8010_NAME","Damon"
"AREA1_8001_DESC","Rebel 5th Fleet Primary Forces"
"AREA1_8002_DESC","Rebel 5th Fleet Primary Forces"
"AREA1_8003_DESC","Rebel 5th Fleet Primary Forces"
"AREA1_8004_DESC","Rebel 5th Fleet Primary Forces"
"AREA1_8005_DESC","Rebel 5th Fleet Primary Forces"
"AREA1_8006_DESC","Rebel 5th Fleet Primary Forces"
"AREA1_8007_DESC","Rebel 5th Fleet Primary Forces"
"AREA1_8008_DESC","Rebel 5th Fleet Primary Forces"
"AREA1_8009_DESC","Rebel 5th Fleet Noble Commander"
"AREA1_8010_DESC","Rebel 5th Fleet Noble Commander"
"AREA2_1001_NAME","Arsenal Guard"
"AREA2_1002_NAME","Arsenal Guard"
"AREA2_1003_NAME","Arsenal Guard"
"AREA2_1004_NAME","Arsenal Guard"
"AREA2_1005_NAME","Guard Leader"
"AREA2_1006_NAME","Arsenal Guard"
"AREA2_1007_NAME","Arsenal Guard"
"AREA2_1008_NAME","Arsenal Guard"
"AREA2_1009_NAME","Arsenal Guard"
"AREA2_1010_NAME","Guard Commander"
"AREA2_1001_DESC","Rebel Defense Forces deployed on Arsenal"
"AREA2_1002_DESC","Rebel Defense Forces deployed on Arsenal"
"AREA2_1003_DESC","Rebel Defense Forces deployed on Arsenal"
"AREA2_1004_DESC","Rebel Defense Forces deployed on Arsenal"
"AREA2_1005_DESC","Rebel Defense Force Junior Commanders"
"AREA2_1006_DESC","Rebel Defense Force deployed on Planet Arsenal"
"AREA2_1007_DESC","Rebel Defense Force deployed on Planet Arsenal"
"AREA2_1008_DESC","Rebel Defense Force deployed on Planet Arsenal"
"AREA2_1009_DESC","Rebel Defense Force deployed on Planet Arsenal"
"AREA2_1010_DESC","Intermediate Commanders of the Rebel Defense Force"
"AREA2_2001_NAME","Core Garrison Forces"
"AREA2_2002_NAME","Core Garrison Forces"
"AREA2_2003_NAME","Core Garrison Forces"
"AREA2_2004_NAME","Core Garrison Forces"
"AREA2_2005_NAME","Garrison Commanders"
"AREA2_2006_NAME","Core Garrison Forces"
"AREA2_2007_NAME","Core Garrison Forces"
"AREA2_2008_NAME","Core Garrison Forces"
"AREA2_2009_NAME","Core Garrison Forces"
"AREA2_2010_NAME","Gonzalo"
"AREA2_2001_DESC","Elite Forces on Arsenal, directly under Gonzaol's command"
"AREA2_2002_DESC","Elite Forces on Arsenal, directly under Gonzaol's command"
"AREA2_2003_DESC","Elite Forces on Arsenal, directly under Gonzaol's command"
"AREA2_2004_DESC","Elite Forces on Arsenal, directly under Gonzaol's command"
"AREA2_2005_DESC","Elite Forces on Arsenal, directly under Gonzaol's command"
"AREA2_2006_DESC","Elite Forces on Arsenal, directly under Gonzaol's command"
"AREA2_2007_DESC","Elite Forces on Arsenal, directly under Gonzaol's command"
"AREA2_2008_DESC","Elite Forces on Arsenal, directly under Gonzaol's command"
"AREA2_2009_DESC","Elite Forces on Arsenal, directly under Gonzaol's command"
"AREA2_2010_DESC","Commander of Arsenal Garrison Forces"
"AREA2_3001_NAME","Unknown Force"
"AREA2_3002_NAME","Unknown Force"
"AREA2_3003_NAME","Unknown Force"
"AREA2_3004_NAME","Unknown Force"
"AREA2_3005_NAME","Relay Commander"
"AREA2_3006_NAME","Unknown Force"
"AREA2_3007_NAME","Unknown Force"
"AREA2_3008_NAME","Unknown Force"
"AREA2_3009_NAME","Unknown Force"
"AREA2_3010_NAME","Unknown Flagship"
"AREA2_3001_DESC","An unknown force suddenly appeared "
"AREA2_3002_DESC","An unknown force suddenly appeared "
"AREA2_3003_DESC","An unknown force suddenly appeared "
"AREA2_3004_DESC","An unknown force suddenly appeared "
"AREA2_3005_DESC","An unknown force suddenly appeared "
"AREA2_3006_DESC","An unknown force suddenly appeared "
"AREA2_3007_DESC","An unknown force suddenly appeared "
"AREA2_3008_DESC","An unknown force suddenly appeared "
"AREA2_3009_DESC","An unknown force suddenly appeared "
"AREA2_3010_DESC","An unknown force suddenly appeared "
"AREA2_4001_NAME","Retreated Rebels"
"AREA2_4002_NAME","Retreated Rebels"
"AREA2_4003_NAME","Retreated Rebels"
"AREA2_4004_NAME","Retreated Rebels"
"AREA2_4005_NAME","Retreated Captain"
"AREA2_4006_NAME","Retreated Rebels"
"AREA2_4007_NAME","Retreated Rebels"
"AREA2_4008_NAME","Retreated Rebels"
"AREA2_4009_NAME","Retreated Rebels"
"AREA2_4010_NAME","Retreated Commander"
"AREA2_4001_DESC","Rebel Fleet of sneak attacking imperial parade"
"AREA2_4002_DESC","Rebel Fleet of sneak attacking imperial parade"
"AREA2_4003_DESC","Rebel Fleet of sneak attacking imperial parade"
"AREA2_4004_DESC","Rebel Fleet of sneak attacking imperial parade"
"AREA2_4005_DESC","Rebel Fleet of sneak attacking imperial parade"
"AREA2_4006_DESC","Rebel Fleet of sneak attacking imperial parade"
"AREA2_4007_DESC","Rebel Fleet of sneak attacking imperial parade"
"AREA2_4008_DESC","Rebel Fleet of sneak attacking imperial parade"
"AREA2_4009_DESC","Rebel Fleet of sneak attacking imperial parade"
"AREA2_4010_DESC","Rebel Fleet of sneak attacking imperial parade"
"AREA2_5001_NAME","Rebel Defenders"
"AREA2_5002_NAME","Rebel Defenders"
"AREA2_5003_NAME","Rebel Defenders"
"AREA2_5004_NAME","Rebel Defenders"
"AREA2_5005_NAME","Guard Leader"
"AREA2_5006_NAME","Rebel Defenders"
"AREA2_5007_NAME","Rebel Defenders"
"AREA2_5008_NAME","Rebel Defenders"
"AREA2_5009_NAME","Rebel Defenders"
"AREA2_5010_NAME","Raikkonen"
"AREA2_5001_DESC","Garrsion Forces of Rebels' periphery of the base, under command of Cara's 18th fleet"
"AREA2_5002_DESC","Garrsion Forces of Rebels' periphery of the base, under command of Cara's 18th fleet"
"AREA2_5003_DESC","Garrsion Forces of Rebels' periphery of the base, under command of Cara's 18th fleet"
"AREA2_5004_DESC","Garrsion Forces of Rebels' periphery of the base, under command of Cara's 18th fleet"
"AREA2_5005_DESC","Garrsion Forces of Rebels' periphery of the base, under command of Cara's 18th fleet"
"AREA2_5006_DESC","Garrsion Forces of Rebels' periphery of the base, under command of Cara's 18th fleet"
"AREA2_5007_DESC","Garrsion Forces of Rebels' periphery of the base, under command of Cara's 18th fleet"
"AREA2_5008_DESC","Garrsion Forces of Rebels' periphery of the base, under command of Cara's 18th fleet"
"AREA2_5009_DESC","Garrsion Forces of Rebels' periphery of the base, under command of Cara's 18th fleet"
"AREA2_5010_DESC","Frontline Commander of Garrsion Forces of Rebels' periphery of the base"
"AREA2_6001_NAME","Rebel 18th Fleet"
"AREA2_6002_NAME","Rebel 18th Fleet"
"AREA2_6003_NAME","Rebel 18th Fleet"
"AREA2_6004_NAME","Rebel 18th Fleet"
"AREA2_6005_NAME","18th Fleet Officer"
"AREA2_6006_NAME","Rebel 18th Fleet"
"AREA2_6007_NAME","Rebel 18th Fleet"
"AREA2_6008_NAME","Rebel 18th Fleet"
"AREA2_6009_NAME","Rebel 18th Fleet"
"AREA2_6010_NAME","Lattice"
"AREA2_6001_DESC","Mysterious Rebel's 18th Fleet, usually mixed with other fleets"
"AREA2_6002_DESC","Mysterious Rebel's 18th Fleet, usually mixed with other fleets"
"AREA2_6003_DESC","Mysterious Rebel's 18th Fleet, usually mixed with other fleets"
"AREA2_6004_DESC","Mysterious Rebel's 18th Fleet, usually mixed with other fleets"
"AREA2_6005_DESC","Mysterious Rebel's 18th Fleet, usually mixed with other fleets"
"AREA2_6006_DESC","Mysterious Rebel's 18th Fleet, usually mixed with other fleets"
"AREA2_6007_DESC","Mysterious Rebel's 18th Fleet, usually mixed with other fleets"
"AREA2_6008_DESC","Mysterious Rebel's 18th Fleet, usually mixed with other fleets"
"AREA2_6009_DESC","Mysterious Rebel's 18th Fleet, usually mixed with other fleets"
"AREA2_6010_DESC","Commander of Rebels'  18th fleet, in irascible mood"
"AREA2_7001_NAME","Unknown Force"
"AREA2_7002_NAME","Unknown Force"
"AREA2_7003_NAME","Unknown Force"
"AREA2_7004_NAME","Unknown Force"
"AREA2_7005_NAME","Unknown Force Captain"
"AREA2_7006_NAME","Unknown Force"
"AREA2_7007_NAME","Unknown Force"
"AREA2_7008_NAME","Unknown Force"
"AREA2_7009_NAME","Unknown Force"
"AREA2_7010_NAME","Unknown Force Commander"
"AREA2_7001_DESC","An unknown force suddenly appeared "
"AREA2_7002_DESC","An unknown force suddenly appeared "
"AREA2_7003_DESC","An unknown force suddenly appeared "
"AREA2_7004_DESC","An unknown force suddenly appeared "
"AREA2_7005_DESC","An unknown force suddenly appeared "
"AREA2_7006_DESC","An unknown force suddenly appeared "
"AREA2_7007_DESC","An unknown force suddenly appeared "
"AREA2_7008_DESC","An unknown force suddenly appeared "
"AREA2_7009_DESC","An unknown force suddenly appeared "
"AREA2_7010_DESC","An unknown force suddenly appeared "
"AREA2_8001_NAME","Cara's Task Fleet"
"AREA2_8002_NAME","Cara's Task Fleet"
"AREA2_8003_NAME","Cara's Task Fleet"
"AREA2_8004_NAME","Cara's Task Fleet"
"AREA2_8005_NAME","Cara's Command Ship"
"AREA2_8006_NAME","Cara's Task Fleet"
"AREA2_8007_NAME","Cara's Task Fleet"
"AREA2_8008_NAME","Cara's Task Fleet"
"AREA2_8009_NAME","Cara's Task Fleet"
"AREA2_8010_NAME","Assar"
"AREA2_8001_DESC","Rebels' Task Fleet of launching a decisive battle with Imperial Army "
"AREA2_8002_DESC","Rebels' Task Fleet of launching a decisive battle with Imperial Army "
"AREA2_8003_DESC","Rebels' Task Fleet of launching a decisive battle with Imperial Army "
"AREA2_8004_DESC","Rebels' Task Fleet of launching a decisive battle with Imperial Army "
"AREA2_8005_DESC","Rebels' Task Fleet of launching a decisive battle with Imperial Army "
"AREA2_8006_DESC","Rebels' Task Fleet of launching a decisive battle with Imperial Army "
"AREA2_8007_DESC","Rebels' Task Fleet of launching a decisive battle with Imperial Army "
"AREA2_8008_DESC","Rebels' Task Fleet of launching a decisive battle with Imperial Army "
"AREA2_8009_DESC","Rebels' Task Fleet of launching a decisive battle with Imperial Army "
"AREA2_8010_DESC","Data shows that Assar is the supreme commander of rebel force "
"AREA3_1001_NAME","Mysterious Fleet"
"AREA3_1002_NAME","Mysterious Fleet"
"AREA3_1003_NAME","Mysterious Fleet"
"AREA3_1004_NAME","Mysterious Fleet"
"AREA3_1005_NAME","Mysterious Captain"
"AREA3_1006_NAME","Mysterious Fleet"
"AREA3_1007_NAME","Mysterious Fleet"
"AREA3_1008_NAME","Mysterious Fleet"
"AREA3_1009_NAME","Mysterious Fleet"
"AREA3_1010_NAME","Mystery Commander"
"AREA3_1001_DESC","A Mysterious Fleet suddenly appears on the main track of the Star - it doesn't seem to belong to the humans"
"AREA3_1002_DESC","Mysterious Fleet that doesn't appear to be human."
"AREA3_1003_DESC","Mysterious Fleet that doesn't appear to be human."
"AREA3_1004_DESC","Mysterious Fleet that doesn't appear to be human."
"AREA3_1005_DESC","Mysterious Fleet that doesn't appear to be human."
"AREA3_1006_DESC","Mysterious Fleet that doesn't appear to be human."
"AREA3_1007_DESC","Mysterious Fleet that doesn't appear to be human."
"AREA3_1008_DESC","Mysterious Fleet that doesn't appear to be human."
"AREA3_1009_DESC","Mysterious Fleet that doesn't appear to be human."
"AREA3_1010_DESC","Mysterious Fleet that doesn't appear to be human."
"AREA3_2001_NAME","Mysterious Retreated Fleet"
"AREA3_2002_NAME","Mysterious Retreated Fleet"
"AREA3_2003_NAME","Mysterious Retreated Fleet"
"AREA3_2004_NAME","Mysterious Retreated Fleet"
"AREA3_2005_NAME","Special Formation"
"AREA3_2006_NAME","Mysterious Retreated Fleet"
"AREA3_2007_NAME","Mysterious Retreated Fleet"
"AREA3_2008_NAME","Mysterious Retreated Fleet"
"AREA3_2009_NAME","Mysterious Retreated Fleet"
"AREA3_2010_NAME","Mystery Commander"
"AREA3_2001_DESC","Defeated Myterious Fleet that doesn't appear to be human"
"AREA3_2002_DESC","Defeated Myterious Fleet that doesn't appear to be human"
"AREA3_2003_DESC","Defeated Myterious Fleet that doesn't appear to be human"
"AREA3_2004_DESC","Defeated Myterious Fleet that doesn't appear to be human"
"AREA3_2005_DESC","Defeated Myterious Fleet that doesn't appear to be human"
"AREA3_2006_DESC","Defeated Myterious Fleet that doesn't appear to be human"
"AREA3_2007_DESC","Defeated Myterious Fleet that doesn't appear to be human"
"AREA3_2008_DESC","Defeated Myterious Fleet that doesn't appear to be human"
"AREA3_2009_DESC","Defeated Myterious Fleet that doesn't appear to be human"
"AREA3_2010_DESC","Defeated Myterious Fleet that doesn't appear to be human"
"AREA3_3001_NAME","Mysterious Garrison Fleet"
"AREA3_3002_NAME","Mysterious Garrison Fleet"
"AREA3_3003_NAME","Mysterious Garrison Fleet"
"AREA3_3004_NAME","Mysterious Garrison Fleet"
"AREA3_3005_NAME","Garrison Fleet Officer"
"AREA3_3006_NAME","Mysterious Garrison Fleet"
"AREA3_3007_NAME","Mysterious Garrison Fleet"
"AREA3_3008_NAME","Mysterious Garrison Fleet"
"AREA3_3009_NAME","Mysterious Garrison Fleet"
"AREA3_3010_NAME","Commander of the Garrison Fleet"
"AREA3_3001_DESC","Garrison Fleet consisting of a myterious fleet "
"AREA3_3002_DESC","Garrison Fleet consisted by a myterious fleet "
"AREA3_3003_DESC","Garrison Fleet consisted by a myterious fleet "
"AREA3_3004_DESC","Garrison Fleet consisted by a myterious fleet "
"AREA3_3005_DESC","Garrison Fleet consisted by a myterious fleet "
"AREA3_3006_DESC","Garrison Fleet consisted by a myterious fleet "
"AREA3_3007_DESC","Garrison Fleet consisted by a myterious fleet "
"AREA3_3008_DESC","Garrison Fleet consisted by a myterious fleet "
"AREA3_3009_DESC","Garrison Fleet consisted by a myterious fleet "
"AREA3_3010_DESC","Garrison Fleet consisted by a myterious fleet "
"AREA3_4001_NAME","Defender"
"AREA3_4002_NAME","Defender"
"AREA3_4003_NAME","Defender"
"AREA3_4004_NAME","Defender"
"AREA3_4005_NAME","Defender Commander"
"AREA3_4006_NAME","Defender"
"AREA3_4007_NAME","Defender"
"AREA3_4008_NAME","Defender"
"AREA3_4009_NAME","Defender"
"AREA3_4010_NAME","???"
"AREA3_4001_DESC","Apostles' Fleet left to defend the stronghold "
"AREA3_4002_DESC","Apostles' Fleet left to defend the stronghold "
"AREA3_4003_DESC","Apostles' Fleet left to defend the stronghold "
"AREA3_4004_DESC","Apostles' Fleet left to defend the stronghold "
"AREA3_4005_DESC","Apostles' Fleet left to defend the stronghold "
"AREA3_4006_DESC","Apostles' Fleet left to defend the stronghold "
"AREA3_4007_DESC","Apostles' Fleet left to defend the stronghold "
"AREA3_4008_DESC","Apostles' Fleet left to defend the stronghold "
"AREA3_4009_DESC","Apostles' Fleet left to defend the stronghold "
"AREA3_4010_DESC","Looks like the Apostles' Fleet Commander"
"AREA3_5001_NAME","Sentinel "
"AREA3_5002_NAME","Sentinel "
"AREA3_5003_NAME","Sentinel "
"AREA3_5004_NAME","Sentinel "
"AREA3_5005_NAME","Sentinel Leader"
"AREA3_5006_NAME","Sentinel "
"AREA3_5007_NAME","Sentinel "
"AREA3_5008_NAME","Sentinel "
"AREA3_5009_NAME","Sentinel"
"AREA3_5010_NAME","???"
"AREA3_5001_DESC","Seems they are interested in what we have to offer."
"AREA3_5002_DESC","Seems they are interested in what we have to offer."
"AREA3_5003_DESC","Seems they are interested in what we have to offer."
"AREA3_5004_DESC","Seems they are interested in what we have to offer."
"AREA3_5005_DESC","Seems they are interested in what we have to offer."
"AREA3_5006_DESC","Seems they are interested in what we have to offer."
"AREA3_5007_DESC","Seems they are interested in what we have to offer."
"AREA3_5008_DESC","Seems they are interested in what we have to offer."
"AREA3_5009_DESC","Seems they are interested in what we have to offer."
"AREA3_5010_DESC","Seems they are interested in what we have to offer."
"AREA3_6001_NAME","Punisher"
"AREA3_6002_NAME","Punisher"
"AREA3_6003_NAME","Punisher"
"AREA3_6004_NAME","Punisher"
"AREA3_6005_NAME","Punshier Commander"
"AREA3_6006_NAME","Punisher"
"AREA3_6007_NAME","Punisher"
"AREA3_6008_NAME","Punisher"
"AREA3_6009_NAME","Punisher"
"AREA3_6010_NAME","???"
"AREA3_6001_DESC","Apostles' Offensive Fleet"
"AREA3_6002_DESC","Apostles' Offensive Fleet"
"AREA3_6003_DESC","Apostles' Offensive Fleet"
"AREA3_6004_DESC","Apostles' Offensive Fleet"
"AREA3_6005_DESC","Apostles' Offensive Fleet"
"AREA3_6006_DESC","Apostles' Offensive Fleet"
"AREA3_6007_DESC","Apostles' Offensive Fleet"
"AREA3_6008_DESC","Apostles' Offensive Fleet"
"AREA3_6009_DESC","Apostles' Offensive Fleet"
"AREA3_6010_DESC","Apostles' Offensive Fleet"
"AREA3_7001_NAME","Brutal Punisher"
"AREA3_7002_NAME","Brutal Punisher"
"AREA3_7003_NAME","Brutal Punisher"
"AREA3_7004_NAME","Brutal Punisher"
"AREA3_7005_NAME","Brutal Punisher Leader"
"AREA3_7006_NAME","Brutal Punisher"
"AREA3_7007_NAME","Brutal Punisher"
"AREA3_7008_NAME","Brutal Punisher"
"AREA3_7009_NAME","Brutal Punisher"
"AREA3_7010_NAME","???"
"AREA3_7001_DESC","Apostles' Offensive Fleet"
"AREA3_7002_DESC","Apostles' Offensive Fleet"
"AREA3_7003_DESC","Apostles' Offensive Fleet"
"AREA3_7004_DESC","Apostles' Offensive Fleet"
"AREA3_7005_DESC","Apostles' Offensive Fleet"
"AREA3_7006_DESC","Apostles' Offensive Fleet"
"AREA3_7007_DESC","Apostles' Offensive Fleet"
"AREA3_7008_DESC","Apostles' Offensive Fleet"
"AREA3_7009_DESC","Apostles' Offensive Fleet"
"AREA3_7010_DESC","Apostles' Offensive Fleet"
"AREA3_8001_NAME","Destroyer"
"AREA3_8002_NAME","Destroyer"
"AREA3_8003_NAME","Destroyer"
"AREA3_8004_NAME","Destroyer"
"AREA3_8005_NAME","Destroyer Captain"
"AREA3_8006_NAME","Destroyer"
"AREA3_8007_NAME","Destroyer"
"AREA3_8008_NAME","Destroyer"
"AREA3_8009_NAME","Destroyer"
"AREA3_8010_NAME","Destroyer Commander "
"AREA3_8001_DESC","Apostles' Fleet, destruction mission"
"AREA3_8002_DESC","Apostles' Fleet, destruction mission"
"AREA3_8003_DESC","Apostles' Fleet, destruction mission"
"AREA3_8004_DESC","Apostles' Fleet, destruction mission"
"AREA3_8005_DESC","Apostles' Fleet, destruction mission"
"AREA3_8006_DESC","Apostles' Fleet, destruction mission"
"AREA3_8007_DESC","Apostles' Fleet, destruction mission"
"AREA3_8008_DESC","Apostles' Fleet, destruction mission"
"AREA3_8009_DESC","Apostles' Fleet, destruction mission"
"AREA3_8010_DESC","Apostles' Fleet, destruction mission"
"AREA4_1001_NAME","Vanquisher"
"AREA4_1002_NAME","Vanquisher"
"AREA4_1003_NAME","Vanquisher"
"AREA4_1004_NAME","Vanquisher"
"AREA4_1005_NAME","Vanquisher Warlord"
"AREA4_1006_NAME","Vanquisher"
"AREA4_1007_NAME","Vanquisher"
"AREA4_1008_NAME","Vanquisher"
"AREA4_1009_NAME","Vanquisher"
"AREA4_1010_NAME","Vanquisher Flagship"
"AREA4_1001_DESC","Apostles' Fleet, attacking imperial Star Zone"
"AREA4_1002_DESC","Apostles' Fleet, attacking imperial Star Zone"
"AREA4_1003_DESC","Apostles' Fleet, attacking imperial Star Zone"
"AREA4_1004_DESC","Apostles' Fleet, attacking imperial Star Zone"
"AREA4_1005_DESC","Apostles' Fleet, attacking imperial Star Zone"
"AREA4_1006_DESC","Apostles' Fleet, attacking imperial Star Zone"
"AREA4_1007_DESC","Apostles' Fleet, attacking imperial Star Zone"
"AREA4_1008_DESC","Apostles' Fleet, attacking imperial Star Zone"
"AREA4_1009_DESC","Apostles' Fleet, attacking imperial Star Zone"
"AREA4_1010_DESC","Apostles' Fleet, attacking imperial Star Zone"
"AREA4_2001_NAME","Censor"
"AREA4_2002_NAME","Censor"
"AREA4_2003_NAME","Censor"
"AREA4_2004_NAME","Censor"
"AREA4_2005_NAME","Censor Warlord"
"AREA4_2006_NAME","Censor"
"AREA4_2007_NAME","Censor"
"AREA4_2008_NAME","Censor"
"AREA4_2009_NAME","Censor"
"AREA4_2010_NAME","Censor Flagship"
"AREA4_2001_DESC","Apostles' Fleet, attacking imperial Star Zone"
"AREA4_2002_DESC","Apostles' Fleet, attacking imperial Star Zone"
"AREA4_2003_DESC","Apostles' Fleet, attacking imperial Star Zone"
"AREA4_2004_DESC","Apostles' Fleet, attacking imperial Star Zone"
"AREA4_2005_DESC","Apostles' Fleet, attacking imperial Star Zone"
"AREA4_2006_DESC","Apostles' Fleet, attacking imperial Star Zone"
"AREA4_2007_DESC","Apostles' Fleet, attacking imperial Star Zone"
"AREA4_2008_DESC","Apostles' Fleet, attacking imperial Star Zone"
"AREA4_2009_DESC","Apostles' Fleet, attacking imperial Star Zone"
"AREA4_2010_DESC","Apostles' Fleet, attacking imperial Star Zone"
"AREA4_3001_NAME","Apostle Guard"
"AREA4_3002_NAME","Apostle Guard"
"AREA4_3003_NAME","Apostle Guard"
"AREA4_3004_NAME","Apostle Guard"
"AREA4_3005_NAME","Apostle Flagship"
"AREA4_3006_NAME","Mixed Fleets"
"AREA4_3007_NAME","Mixed Fleets"
"AREA4_3008_NAME","Mixed Fleets"
"AREA4_3009_NAME","Mixed Fleets"
"AREA4_3010_NAME","Mixed Fleets Flagship"
"AREA4_3001_DESC","Convoy Forces of the Transportation Fleet"
"AREA4_3002_DESC","Convoy Forces of the Transportation Fleet"
"AREA4_3003_DESC","Convoy Forces of the Transportation Fleet"
"AREA4_3004_DESC","Convoy Forces of the Transportation Fleet"
"AREA4_3005_DESC","Flagship of the Convoy Forces"
"AREA4_3006_DESC","Mixed fleet consisting of the Apostles' Fleet and Rebels"
"AREA4_3007_DESC","Mixed fleet consisting of the Apostles' Fleet and Rebels"
"AREA4_3008_DESC","Mixed fleet consisting of the Apostles' Fleet and Rebels"
"AREA4_3009_DESC","Mixed fleet consisting of the Apostles' Fleet and Rebels"
"AREA4_3010_DESC","Mixed Fleet Flagship"
"AREA4_4001_NAME","United Garrison Forces"
"AREA4_4002_NAME","United Garrison Forces"
"AREA4_4003_NAME","United Garrison Forces"
"AREA4_4004_NAME","United Garrison Forces"
"AREA4_4005_NAME","Staff Officer"
"AREA4_4006_NAME","United Garrison Forces"
"AREA4_4007_NAME","United Garrison Forces"
"AREA4_4008_NAME","United Garrison Forces"
"AREA4_4009_NAME","United Garrison Forces"
"AREA4_4010_NAME","???"
"AREA4_4001_DESC","Mixed fleet consisting of the Apostles' Fleet and Rebels"
"AREA4_4002_DESC","Mixed fleet consisting of the Apostles' Fleet and Rebels"
"AREA4_4003_DESC","Mixed fleet consisting of the Apostles' Fleet and Rebels"
"AREA4_4004_DESC","Mixed fleet consisting of the Apostles' Fleet and Rebels"
"AREA4_4005_DESC","Mixed fleet consisting of the Apostles' Fleet and Rebels"
"AREA4_4006_DESC","Mixed fleet consisting of the Apostles' Fleet and Rebels"
"AREA4_4007_DESC","Mixed fleet consisting of the Apostles' Fleet and Rebels"
"AREA4_4008_DESC","Mixed fleet consisting of the Apostles' Fleet and Rebels"
"AREA4_4009_DESC","Mixed fleet consisting of the Apostles' Fleet and Rebels"
"AREA4_4010_DESC","Mixed fleet consisting of the Apostles' Fleet and Rebels"
"AREA4_5001_NAME","Apostles Fleet "
"AREA4_5002_NAME","Apostles Fleet "
"AREA4_5003_NAME","Apostles Fleet "
"AREA4_5004_NAME","Apostles Fleet "
"AREA4_5005_NAME","Apostles Staff Officer"
"AREA4_5006_NAME","Apostles Fleet "
"AREA4_5007_NAME","Apostles Fleet "
"AREA4_5008_NAME","Apostles Fleet "
"AREA4_5009_NAME","Apostles Fleet "
"AREA4_5010_NAME","Apostles Commander"
"AREA4_5001_DESC","Apostles' Fleet, appearing suddenly on our return voyage"
"AREA4_5002_DESC","Apostles' Fleet, appearing suddenly on our return voyage"
"AREA4_5003_DESC","Apostles' Fleet, appearing suddenly on our return voyage"
"AREA4_5004_DESC","Apostles' Fleet, appearing suddenly on our return voyage"
"AREA4_5005_DESC","Apostles' Fleet, appearing suddenly on our return voyage"
"AREA4_5006_DESC","Apostles' Fleet, appearing suddenly on our return voyage"
"AREA4_5007_DESC","Apostles' Fleet, appearing suddenly on our return voyage"
"AREA4_5008_DESC","Apostles' Fleet, appearing suddenly on our return voyage"
"AREA4_5009_DESC","Apostles' Fleet, appearing suddenly on our return voyage"
"AREA4_5010_DESC","Apostles' Fleet, appearing suddenly on our return voyage"
"AREA4_6001_NAME","Nullifier"
"AREA4_6002_NAME","Nullifier"
"AREA4_6003_NAME","Nullifier"
"AREA4_6004_NAME","Nullifier"
"AREA4_6005_NAME","Nullifier Warlord"
"AREA4_6006_NAME","Nullifier"
"AREA4_6007_NAME","Nullifier"
"AREA4_6008_NAME","Nullifier"
"AREA4_6009_NAME","Nullifier"
"AREA4_6010_NAME","???"
"AREA4_6001_DESC","Apostle's Fleet, making a sudden attack on our fleet"
"AREA4_6002_DESC","Apostle's Fleet, making a sudden attack on our fleet"
"AREA4_6003_DESC","Apostle's Fleet, making a sudden attack on our fleet"
"AREA4_6004_DESC","Apostle's Fleet, making a sudden attack on our fleet"
"AREA4_6005_DESC","Apostle's Fleet, making a sudden attack on our fleet"
"AREA4_6006_DESC","Apostle's Fleet, making a sudden attack on our fleet"
"AREA4_6007_DESC","Apostle's Fleet, making a sudden attack on our fleet"
"AREA4_6008_DESC","Apostle's Fleet, making a sudden attack on our fleet"
"AREA4_6009_DESC","Apostle's Fleet, making a sudden attack on our fleet"
"AREA4_6010_DESC","Apostle's Fleet, making a sudden attack on our fleet"
"AREA4_7001_NAME","Reaper"
"AREA4_7002_NAME","Reaper"
"AREA4_7003_NAME","Reaper"
"AREA4_7004_NAME","Reaper"
"AREA4_7005_NAME","Reaper Captain"
"AREA4_7006_NAME","Reaper"
"AREA4_7007_NAME","Reaper"
"AREA4_7008_NAME","Reaper"
"AREA4_7009_NAME","Reaper"
"AREA4_7010_NAME","Reaper Commander"
"AREA4_7001_DESC","Unknown combined human and Apostle force"
"AREA4_7002_DESC","Unknown combined human and Apostle force"
"AREA4_7003_DESC","Unknown combined human and Apostle force"
"AREA4_7004_DESC","Unknown combined human and Apostle force"
"AREA4_7005_DESC","Unknown combined human and Apostle force"
"AREA4_7006_DESC","Unknown combined human and Apostle force"
"AREA4_7007_DESC","Unknown combined human and Apostle force"
"AREA4_7008_DESC","Unknown combined human and Apostle force"
"AREA4_7009_DESC","Unknown combined human and Apostle force"
"AREA4_7010_DESC","Unknown combined human and Apostle force"
"AREA4_8001_NAME","Wicked Flame"
"AREA4_8002_NAME","Wicked Flame"
"AREA4_8003_NAME","Wicked Flame"
"AREA4_8004_NAME","Wicked Flame"
"AREA4_8005_NAME","Wicked Flame Officer"
"AREA4_8006_NAME","Wicked Flame"
"AREA4_8007_NAME","Wicked Flame"
"AREA4_8008_NAME","Wicked Flame"
"AREA4_8009_NAME","Wicked Flame"
"AREA4_8010_NAME","Wicked Flame Commander"
"AREA4_8001_DESC","Raphael's personal fleet, combining human and Apostle technology - perhaps the most powerful fleet in the galaxy"
"AREA4_8002_DESC","Raphael's personal fleet, combining human and Apostle technology - perhaps the most powerful fleet in the galaxy"
"AREA4_8003_DESC","Raphael's personal fleet, combining human and Apostle technology - perhaps the most powerful fleet in the galaxy"
"AREA4_8004_DESC","Raphael's personal fleet, combining human and Apostle technology - perhaps the most powerful fleet in the galaxy"
"AREA4_8005_DESC","Raphael's personal fleet, combining human and Apostle technology - perhaps the most powerful fleet in the galaxy"
"AREA4_8006_DESC","Raphael's personal fleet, combining human and Apostle technology - perhaps the most powerful fleet in the galaxy"
"AREA4_8007_DESC","Raphael's personal fleet, combining human and Apostle technology - perhaps the most powerful fleet in the galaxy"
"AREA4_8008_DESC","Raphael's personal fleet, combining human and Apostle technology - perhaps the most powerful fleet in the galaxy"
"AREA4_8009_DESC","Raphael's personal fleet, combining human and Apostle technology - perhaps the most powerful fleet in the galaxy"
"AREA4_8010_DESC","Raphael's personal fleet, combining human and Apostle technology - perhaps the most powerful fleet in the galaxy"
"AREA5_1001_NAME","Imperial 6th Fleet"
"AREA5_1002_NAME","Imperial 6th Fleet"
"AREA5_1003_NAME","Imperial 6th Fleet"
"AREA5_1004_NAME","Imperial 6th Fleet"
"AREA5_1005_NAME","Heavy Cruiser"
"AREA5_1006_NAME","Imperial 6th Fleet"
"AREA5_1007_NAME","Imperial 6th Fleet"
"AREA5_1008_NAME","Imperial 6th Fleet"
"AREA5_1009_NAME","Imperial 6th Fleet"
"AREA5_1010_NAME","6th Fleet Flagship"
"AREA5_1001_DESC","Raphael deployed destroyed 6th fleet at the commnication center"
"AREA5_1002_DESC","Raphael deployed destroyed 6th fleet at the commnication center"
"AREA5_1003_DESC","Raphael deployed destroyed 6th fleet at the commnication center"
"AREA5_1004_DESC","Raphael deployed destroyed 6th fleet at the commnication center"
"AREA5_1005_DESC","6th Fleet Combat Core"
"AREA5_1006_DESC","Raphael deployed destroyed 6th fleet at the commnication center"
"AREA5_1007_DESC","Raphael deployed destroyed 6th fleet at the commnication center"
"AREA5_1008_DESC","Raphael deployed destroyed 6th fleet at the commnication center"
"AREA5_1009_DESC","Raphael deployed destroyed 6th fleet at the commnication center"
"AREA5_1010_DESC","6th Fleet Command Center"
"AREA5_2001_NAME","Imperial 9th Fleet"
"AREA5_2002_NAME","Imperial 9th Fleet"
"AREA5_2003_NAME","Imperial 9th Fleet"
"AREA5_2004_NAME","Imperial 9th Fleet"
"AREA5_2005_NAME","9th Fleet Lieutenant"
"AREA5_2006_NAME","Imperial 9th Fleet"
"AREA5_2007_NAME","Imperial 9th Fleet"
"AREA5_2008_NAME","Imperial 9th Fleet"
"AREA5_2009_NAME","Imperial 9th Fleet"
"AREA5_2010_NAME","Cassandra"
"AREA5_2001_DESC","Garrison Forces consisting of the Imperial 9th Fleet"
"AREA5_2002_DESC","Garrison Forces consisting of the Imperial 9th Fleet"
"AREA5_2003_DESC","Garrison Forces consisting of the Imperial 9th Fleet"
"AREA5_2004_DESC","Garrison Forces consisting of the Imperial 9th Fleet"
"AREA5_2005_DESC","Garrison Forces consisting of the Imperial 9th Fleet"
"AREA5_2006_DESC","Garrison Forces consisting of the Imperial 9th Fleet"
"AREA5_2007_DESC","Garrison Forces consisting of the Imperial 9th Fleet"
"AREA5_2008_DESC","Garrison Forces consisting of the Imperial 9th Fleet"
"AREA5_2009_DESC","Garrison Forces consisting of the Imperial 9th Fleet"
"AREA5_2010_DESC","Last Commander of the 9th Fleet"
"AREA5_3001_NAME","Garrison Force of Mine"
"AREA5_3002_NAME","Garrison Force of Mine"
"AREA5_3003_NAME","Garrison Force of Mine"
"AREA5_3004_NAME","Garrison Force of Mine"
"AREA5_3005_NAME","Garrison Chief"
"AREA5_3006_NAME","Garrison Force of Mine"
"AREA5_3007_NAME","Garrison Force of Mine"
"AREA5_3008_NAME","Garrison Force of Mine"
"AREA5_3009_NAME","Garrison Force of Mine"
"AREA5_3010_NAME","Sophietia"
"AREA5_3001_DESC","Garrison Fleet deployed to a nearby resource planet"
"AREA5_3002_DESC","Garrison Fleet deployed to a nearby resource planet"
"AREA5_3003_DESC","Garrison Fleet deployed to a nearby resource planet"
"AREA5_3004_DESC","Garrison Fleet deployed to a nearby resource planet"
"AREA5_3005_DESC","Garrison Fleet deployed to a nearby resource planet"
"AREA5_3006_DESC","Garrison Fleet deployed to a nearby resource planet"
"AREA5_3007_DESC","Garrison Fleet deployed to a nearby resource planet"
"AREA5_3008_DESC","Garrison Fleet deployed to a nearby resource planet"
"AREA5_3009_DESC","Garrison Fleet deployed to a nearby resource planet"
"AREA5_3010_DESC","Sister of Cassandra and commander of the Garrison Fleet"
"AREA5_4001_NAME","Imperial 2nd Fleet"
"AREA5_4002_NAME","Imperial 2nd Fleet"
"AREA5_4003_NAME","Imperial 2nd Fleet"
"AREA5_4004_NAME","Imperial 2nd Fleet"
"AREA5_4005_NAME","2nd Fleet Destroyer"
"AREA5_4006_NAME","Imperial 2nd Fleet"
"AREA5_4007_NAME","Imperial 2nd Fleet"
"AREA5_4008_NAME","Imperial 2nd Fleet"
"AREA5_4009_NAME","Imperial 2nd Fleet"
"AREA5_4010_NAME","Du'doria"
"AREA5_4001_DESC","Imperial 2nd Fleet controlled by Raphael"
"AREA5_4002_DESC","Imperial 2nd Fleet controlled by Raphael"
"AREA5_4003_DESC","Imperial 2nd Fleet controlled by Raphael"
"AREA5_4004_DESC","Imperial 2nd Fleet controlled by Raphael"
"AREA5_4005_DESC","Imperial 2nd Fleet controlled by Raphael"
"AREA5_4006_DESC","Imperial 2nd Fleet controlled by Raphael"
"AREA5_4007_DESC","Imperial 2nd Fleet controlled by Raphael"
"AREA5_4008_DESC","Imperial 2nd Fleet controlled by Raphael"
"AREA5_4009_DESC","Imperial 2nd Fleet controlled by Raphael"
"AREA5_4010_DESC","Commander of the 2nd Fleet"
"AREA5_5001_NAME","Iron Will"
"AREA5_5002_NAME","Iron Will"
"AREA5_5003_NAME","Iron Will"
"AREA5_5004_NAME","Iron Will"
"AREA5_5005_NAME","Stargazer"
"AREA5_5006_NAME","Iron Will"
"AREA5_5007_NAME","Iron Will"
"AREA5_5008_NAME","Iron Will"
"AREA5_5009_NAME","Iron Will"
"AREA5_5010_NAME","Matthias"
"AREA5_5001_DESC","Fleet directly under the command of Matthias"
"AREA5_5002_DESC","Fleet directly under the command of Matthias"
"AREA5_5003_DESC","Fleet directly under the command of Matthias"
"AREA5_5004_DESC","Fleet directly under the command of Matthias"
"AREA5_5005_DESC","Fleet directly under the command of Matthias"
"AREA5_5006_DESC","Fleet directly under the command of Matthias"
"AREA5_5007_DESC","Fleet directly under the command of Matthias"
"AREA5_5008_DESC","Fleet directly under the command of Matthias"
"AREA5_5009_DESC","Fleet directly under the command of Matthias"
"AREA5_5010_DESC","The commander of the apostles, the first soldier to arrive in this galaxy."
"AREA5_6001_NAME","Army Guard"
"AREA5_6002_NAME","Army Guard"
"AREA5_6003_NAME","Army Guard"
"AREA5_6004_NAME","Army Guard"
"AREA5_6005_NAME","Army Protector"
"AREA5_6006_NAME","Army Guard"
"AREA5_6007_NAME","Army Guard"
"AREA5_6008_NAME","Army Guard"
"AREA5_6009_NAME","Army Guard"
"AREA5_6010_NAME","Army Guard Flagship"
"AREA5_6001_DESC","Internal security fleet of the Divine Legion, reponsible for protecting the science planet"
"AREA5_6002_DESC","Internal security fleet of the Divine Legion, reponsible for protecting the science planet"
"AREA5_6003_DESC","Internal security fleet of the Divine Legion, reponsible for protecting the science planet"
"AREA5_6004_DESC","Internal security fleet of the Divine Legion, reponsible for protecting the science planet"
"AREA5_6005_DESC","Internal security fleet of the Divine Legion, reponsible for protecting the science planet"
"AREA5_6006_DESC","Internal security fleet of the Divine Legion, reponsible for protecting the science planet"
"AREA5_6007_DESC","Internal security fleet of the Divine Legion, reponsible for protecting the science planet"
"AREA5_6008_DESC","Internal security fleet of the Divine Legion, reponsible for protecting the science planet"
"AREA5_6009_DESC","Internal security fleet of the Divine Legion, reponsible for protecting the science planet"
"AREA5_6010_DESC","Internal security fleet of the Divine Legion, reponsible for protecting the science planet"
"AREA5_7001_NAME","Garrison Force"
"AREA5_7002_NAME","Garrison Force"
"AREA5_7003_NAME","Garrison Force"
"AREA5_7004_NAME","Garrison Force"
"AREA5_7005_NAME","Garrison Commander"
"AREA5_7006_NAME","Imperial 7th fleet"
"AREA5_7007_NAME","Imperial 7th fleet"
"AREA5_7008_NAME","Imperial 7th fleet"
"AREA5_7009_NAME","Imperial 7th fleet"
"AREA5_7010_NAME","Richter"
"AREA5_7001_DESC","Common defensive force of the great imperial starport"
"AREA5_7002_DESC","Common defensive force of the great imperial starport"
"AREA5_7003_DESC","Common defensive force of the great imperial starport"
"AREA5_7004_DESC","Common defensive force of the great imperial starport"
"AREA5_7005_DESC","Commander of the imperial garrsion force "
"AREA5_7006_DESC","Imperial 7th fleet, whose main part was lost in the battle of the Triffid Nebula"
"AREA5_7007_DESC","Imperial 7th fleet, whose main part was lost in the battle of the Triffid Nebula"
"AREA5_7008_DESC","Imperial 7th fleet, whose main part was lost in the battle of the Triffid Nebula"
"AREA5_7009_DESC","Imperial 7th fleet, whose main part was lost in the battle of the Triffid Nebula"
"AREA5_7010_DESC","Promoted to commander of the 7th fleet after the Battle of the Triffid Nebula"
"AREA5_8001_NAME","Divine Executor"
"AREA5_8002_NAME","Divine Executor"
"AREA5_8003_NAME","Divine Executor"
"AREA5_8004_NAME","Divine Executor"
"AREA5_8005_NAME","Divine Judge"
"AREA5_8006_NAME","Divine Executor"
"AREA5_8007_NAME","Divine Executor"
"AREA5_8008_NAME","Divine Executor"
"AREA5_8009_NAME","Divine Executor"
"AREA5_8010_NAME","Divine Executor"
"AREA5_8001_DESC","The fleet directly under the command of Raphael"
"AREA5_8002_DESC","The fleet directly under the command of Raphael"
"AREA5_8003_DESC","The fleet directly under the command of Raphael"
"AREA5_8004_DESC","The fleet directly under the command of Raphael"
"AREA5_8005_DESC","The fleet directly under the command of Raphael"
"AREA5_8006_DESC","The fleet directly under the command of Raphael"
"AREA5_8007_DESC","The fleet directly under the command of Raphael"
"AREA5_8008_DESC","The fleet directly under the command of Raphael"
"AREA5_8009_DESC","The fleet directly under the command of Raphael"
"AREA5_8010_DESC","The fleet directly under the command of Raphael"
"AREA6_1001_NAME","Divine Repressor"
"AREA6_1002_NAME","Divine Repressor"
"AREA6_1003_NAME","Divine Repressor"
"AREA6_1004_NAME","Divine Repressor"
"AREA6_1005_NAME","Repressor Captain "
"AREA6_1006_NAME","Divine Repressor"
"AREA6_1007_NAME","Divine Repressor"
"AREA6_1008_NAME","Divine Repressor"
"AREA6_1009_NAME","Divine Repressor"
"AREA6_1010_NAME","Repressor Captain "
"AREA6_1001_DESC","The fleet belongs to Raphael, and is dedicated to suppressing his opponents"
"AREA6_1002_DESC","The fleet belongs to Raphael, and is dedicated to suppressing his opponents"
"AREA6_1003_DESC","The fleet belongs to Raphael, and is dedicated to suppressing his opponents"
"AREA6_1004_DESC","The fleet belongs to Raphael, and is dedicated to suppressing his opponents"
"AREA6_1005_DESC","The fleet belongs to Raphael, and is dedicated to suppressing his opponents"
"AREA6_1006_DESC","The fleet belongs to Raphael, and is dedicated to suppressing his opponents"
"AREA6_1007_DESC","The fleet belongs to Raphael, and is dedicated to suppressing his opponents"
"AREA6_1008_DESC","The fleet belongs to Raphael, and is dedicated to suppressing his opponents"
"AREA6_1009_DESC","The fleet belongs to Raphael, and is dedicated to suppressing his opponents"
"AREA6_1010_DESC","The fleet belongs to Raphael, and is dedicated to suppressing his opponents"
"AREA6_2001_NAME","Divine Repressor"
"AREA6_2002_NAME","Divine Repressor"
"AREA6_2003_NAME","Divine Repressor"
"AREA6_2004_NAME","Divine Repressor"
"AREA6_2005_NAME","Repressor Commander"
"AREA6_2006_NAME","Divine Repressor"
"AREA6_2007_NAME","Divine Repressor"
"AREA6_2008_NAME","Divine Repressor"
"AREA6_2009_NAME","Divine Repressor"
"AREA6_2010_NAME","Batis"
"AREA6_2001_DESC","The fleet belongs to Raphael, dedicating to suppressing his opponents"
"AREA6_2002_DESC","The fleet belongs to Raphael, and is dedicated to suppressing his opponents"
"AREA6_2003_DESC","The fleet belongs to Raphael, and is dedicated to suppressing his opponents"
"AREA6_2004_DESC","The fleet belongs to Raphael, and is dedicated to suppressing his opponents"
"AREA6_2005_DESC","The fleet belongs to Raphael, and is dedicated to suppressing his opponents"
"AREA6_2006_DESC","The fleet belongs to Raphael, and is dedicated to suppressing his opponents"
"AREA6_2007_DESC","The fleet belongs to Raphael, and is dedicated to suppressing his opponents"
"AREA6_2008_DESC","The fleet belongs to Raphael, and is dedicated to suppressing his opponents"
"AREA6_2009_DESC","The fleet belongs to Raphael, and is dedicated to suppressing his opponents"
"AREA6_2010_DESC","The former commander of the Imperial Fleet, joined Raphael's fleet for unknown reasons "
"AREA6_3001_NAME","Divine Punisher"
"AREA6_3002_NAME","Divine Punisher"
"AREA6_3003_NAME","Divine Punisher"
"AREA6_3004_NAME","Divine Punisher"
"AREA6_3005_NAME","Punisher Commander"
"AREA6_3006_NAME","Divine Punisher"
"AREA6_3007_NAME","Divine Punisher"
"AREA6_3008_NAME","Divine Punisher"
"AREA6_3009_NAME","Divine Punisher"
"AREA6_3010_NAME","Divine Censure"
"AREA6_3001_DESC","The fleet defending industrial planets, transferred from another Star Zone"
"AREA6_3002_DESC","The fleet defending industrial planets, transferred from another Star Zone"
"AREA6_3003_DESC","The fleet defending industrial planets, transferred from another Star Zone"
"AREA6_3004_DESC","The fleet defending industrial planets, transferred from another Star Zone"
"AREA6_3005_DESC","The fleet defending industrial planets, transferred from another Star Zone"
"AREA6_3006_DESC","The fleet defending industrial planets, transferred from another Star Zone"
"AREA6_3007_DESC","The fleet defending industrial planets, transferred from another Star Zone"
"AREA6_3008_DESC","The fleet defending industrial planets, transferred from another Star Zone"
"AREA6_3009_DESC","The fleet defending industrial planets, transferred from another Star Zone"
"AREA6_3010_DESC","The fleet defending industrial planets, transferred from another Star Zone"
"AREA6_4001_NAME","Divine Strangler"
"AREA6_4002_NAME","Divine Strangler"
"AREA6_4003_NAME","Divine Strangler"
"AREA6_4004_NAME","Divine Strangler"
"AREA6_4005_NAME","Strangler Captain "
"AREA6_4006_NAME","Divine Strangler"
"AREA6_4007_NAME","Divine Strangler"
"AREA6_4008_NAME","Divine Strangler"
"AREA6_4009_NAME","Divine Strangler"
"AREA6_4010_NAME","Sword of Death Star"
"AREA6_4001_DESC","The fleet directly under the command of Raphael - data shows that this fleet is permitted to use the Death Star"
"AREA6_4002_DESC","The fleet directly under the command of Raphael - data shows that this fleet is permitted to use the Death Star"
"AREA6_4003_DESC","The fleet directly under the command of Raphael - data shows that this fleet is permitted to use the Death Star"
"AREA6_4004_DESC","The fleet directly under the command of Raphael - data shows that this fleet is permitted to use the Death Star"
"AREA6_4005_DESC","The fleet directly under the command of Raphael - data shows that this fleet is permitted to use the Death Star"
"AREA6_4006_DESC","The fleet directly under the command of Raphael - data shows that this fleet is permitted to use the Death Star"
"AREA6_4007_DESC","The fleet directly under the command of Raphael - data shows that this fleet is permitted to use the Death Star"
"AREA6_4008_DESC","The fleet directly under the command of Raphael - data shows that this fleet is permitted to use the Death Star"
"AREA6_4009_DESC","The fleet directly under the command of Raphael - data shows that this fleet is permitted to use the Death Star"
"AREA6_4010_DESC","Death Star's Guiding Fleet"
"AREA6_5001_NAME","Divine Strangler"
"AREA6_5002_NAME","Divine Strangler"
"AREA6_5003_NAME","Divine Strangler"
"AREA6_5004_NAME","Divine Strangler"
"AREA6_5005_NAME","Strangler Major"
"AREA6_5006_NAME","Divine Strangler"
"AREA6_5007_NAME","Divine Strangler"
"AREA6_5008_NAME","Divine Strangler"
"AREA6_5009_NAME","Divine Strangler"
"AREA6_5010_NAME","Sword of Death Star"
"AREA6_5001_DESC","The fleet directly under the command of Raphael - data shows that this fleet is permitted to use the Death Star"
"AREA6_5002_DESC","The fleet directly under the command of Raphael - data shows that this fleet is permitted to use the Death Star"
"AREA6_5003_DESC","The fleet directly under the command of Raphael - data shows that this fleet is permitted to use the Death Star"
"AREA6_5004_DESC","The fleet directly under the command of Raphael - data shows that this fleet is permitted to use the Death Star"
"AREA6_5005_DESC","The fleet directly under the command of Raphael - data shows that this fleet is permitted to use the Death Star"
"AREA6_5006_DESC","The fleet directly under the command of Raphael - data shows that this fleet is permitted to use the Death Star"
"AREA6_5007_DESC","The fleet directly under the command of Raphael - data shows that this fleet is permitted to use the Death Star"
"AREA6_5008_DESC","The fleet directly under the command of Raphael - data shows that this fleet is permitted to use the Death Star"
"AREA6_5009_DESC","The fleet directly under the command of Raphael - data shows that this fleet is permitted to use the Death Star"
"AREA6_5010_DESC","Death Star Guided Fleet"
"AREA6_6001_NAME","Sword of Death Star"
"AREA6_6002_NAME","Sword of Death Star"
"AREA6_6003_NAME","Sword of Death Star"
"AREA6_6004_NAME","Sword of Death Star"
"AREA6_6005_NAME","Sword of Death Star"
"AREA6_6006_NAME","Sword of Death Star"
"AREA6_6007_NAME","Sword of Death Star"
"AREA6_6008_NAME","Sword of Death Star"
"AREA6_6009_NAME","Sword of Death Star"
"AREA6_6010_NAME","Death Star Commander"
"AREA6_6001_DESC","Death Star's Guiding Fleet"
"AREA6_6002_DESC","Death Star's Guiding Fleet"
"AREA6_6003_DESC","Death Star's Guiding Fleet"
"AREA6_6004_DESC","Death Star's Guiding Fleet"
"AREA6_6005_DESC","Death Star's Guiding Fleet"
"AREA6_6006_DESC","Death Star's Guiding Fleet"
"AREA6_6007_DESC","Death Star's Guiding Fleet"
"AREA6_6008_DESC","Death Star's Guiding Fleet"
"AREA6_6009_DESC","Death Star's Guiding Fleet"
"AREA6_6010_DESC","Death Star's Guiding Fleet"
"AREA6_7001_NAME","Divine Arbiter"
"AREA6_7002_NAME","Divine Arbiter"
"AREA6_7003_NAME","Divine Arbiter"
"AREA6_7004_NAME","Divine Arbiter"
"AREA6_7005_NAME","Arbiter Commander"
"AREA6_7006_NAME","Divine Arbiter"
"AREA6_7007_NAME","Divine Arbiter"
"AREA6_7008_NAME","Divine Arbiter"
"AREA6_7009_NAME","Divine Arbiter"
"AREA6_7010_NAME","Hopkins"
"AREA6_7001_DESC","Raphael's Elite Fleet"
"AREA6_7002_DESC","Raphael's Elite Fleet"
"AREA6_7003_DESC","Raphael's Elite Fleet"
"AREA6_7004_DESC","Raphael's Elite Fleet"
"AREA6_7005_DESC","Raphael's Elite Fleet"
"AREA6_7006_DESC","Raphael's Elite Fleet"
"AREA6_7007_DESC","Raphael's Elite Fleet"
"AREA6_7008_DESC","Raphael's Elite Fleet"
"AREA6_7009_DESC","Raphael's Elite Fleet"
"AREA6_7010_DESC","Raphael's Elite Fleet"
"AREA6_8001_NAME","Divine Lord"
"AREA6_8002_NAME","Divine Lord"
"AREA6_8003_NAME","Divine Lord"
"AREA6_8004_NAME","Divine Lord"
"AREA6_8005_NAME","Divine Lord"
"AREA6_8006_NAME","Divine Lord"
"AREA6_8007_NAME","Divine Lord"
"AREA6_8008_NAME","Divine Lord"
"AREA6_8009_NAME","Divine Lord"
"AREA6_8010_NAME","Raphael"
"AREA6_8001_DESC","Raphael's Elite Fleet"
"AREA6_8002_DESC","Raphael's Elite Fleet"
"AREA6_8003_DESC","Raphael's Elite Fleet"
"AREA6_8004_DESC","Raphael's Elite Fleet"
"AREA6_8005_DESC","Raphael's Elite Fleet"
"AREA6_8006_DESC","Raphael's Elite Fleet"
"AREA6_8007_DESC","Raphael's Elite Fleet"
"AREA6_8008_DESC","Raphael's Elite Fleet"
"AREA6_8009_DESC","Raphael's Elite Fleet"
"AREA6_8010_DESC","The largest conspirator in galaxy"
"AREA7_1001_NAME","Shadow of Apostle"
"AREA7_1002_NAME","Shadow of Apostle"
"AREA7_1003_NAME","Shadow of Apostle"
"AREA7_1004_NAME","Shadow of Apostle"
"AREA7_1005_NAME","Shadow of Andrew"
"AREA7_1006_NAME","Shadow of Apostle"
"AREA7_1007_NAME","Shadow of Apostle"
"AREA7_1008_NAME","Shadow of Apostle"
"AREA7_1009_NAME","Shadow of Apostle"
"AREA7_1010_NAME","Andrew"
"AREA7_1001_DESC","Unmanned fleet controlled by the spirit chain of the apostle."
"AREA7_1002_DESC","Unmanned fleet controlled by the spirit chain of the apostle."
"AREA7_1003_DESC","Unmanned fleet controlled by the spirit chain of the apostle."
"AREA7_1004_DESC","Unmanned fleet controlled by the spirit chain of the apostle."
"AREA7_1005_DESC","Unmanned fleet controlled by the spirit chain of Andrew."
"AREA7_1006_DESC","Unmanned fleet controlled by the spirit chain of the apostle."
"AREA7_1007_DESC","Unmanned fleet controlled by the spirit chain of the apostle."
"AREA7_1008_DESC","Unmanned fleet controlled by the spirit chain of the apostle."
"AREA7_1009_DESC","Unmanned fleet controlled by the spirit chain of the apostle."
"AREA7_1010_DESC","Andrew is the apostle also known as the "patron sage"."
"AREA7_2001_NAME","Shadow of Apostle"
"AREA7_2002_NAME","Shadow of Apostle"
"AREA7_2003_NAME","Shadow of Apostle"
"AREA7_2004_NAME","Shadow of Apostle"
"AREA7_2005_NAME","Shadow of Simon"
"AREA7_2006_NAME","Shadow of Apostle"
"AREA7_2007_NAME","Shadow of Apostle"
"AREA7_2008_NAME","Shadow of Apostle"
"AREA7_2009_NAME","Shadow of Apostle"
"AREA7_2010_NAME","Shadow of Simon"
"AREA7_2001_DESC","Unmanned fleet controlled by the spirit chain of the apostle."
"AREA7_2002_DESC","Unmanned fleet controlled by the spirit chain of the apostle."
"AREA7_2003_DESC","Unmanned fleet controlled by the spirit chain of the apostle."
"AREA7_2004_DESC","Unmanned fleet controlled by the spirit chain of the apostle."
"AREA7_2005_DESC","Unmanned fleet controlled by the spirit chain of Simon."
"AREA7_2006_DESC","Unmanned fleet controlled by the spirit chain of the apostle."
"AREA7_2007_DESC","Unmanned fleet controlled by the spirit chain of the apostle."
"AREA7_2008_DESC","Unmanned fleet controlled by the spirit chain of the apostle."
"AREA7_2009_DESC","Unmanned fleet controlled by the spirit chain of the apostle."
"AREA7_2010_DESC","Unmanned fleet controlled by the spirit chain of Simon."
"AREA7_3001_NAME","Shadow of Apostle"
"AREA7_3002_NAME","Shadow of Apostle"
"AREA7_3003_NAME","Shadow of Apostle"
"AREA7_3004_NAME","Shadow of Apostle"
"AREA7_3005_NAME","Simon of Apostle"
"AREA7_3006_NAME","Shadow of Apostle"
"AREA7_3007_NAME","Shadow of Apostle"
"AREA7_3008_NAME","Shadow of Apostle"
"AREA7_3009_NAME","Shadow of Apostle"
"AREA7_3010_NAME","Shadow of Simon"
"AREA7_3001_DESC","Unmanned fleet controlled by the spirit chain of the apostle."
"AREA7_3002_DESC","Unmanned fleet controlled by the spirit chain of the apostle."
"AREA7_3003_DESC","Unmanned fleet controlled by the spirit chain of the apostle."
"AREA7_3004_DESC","Unmanned fleet controlled by the spirit chain of the apostle."
"AREA7_3005_DESC","Unmanned fleet controlled by the spirit chain of Simon."
"AREA7_3006_DESC","Unmanned fleet controlled by the spirit chain of the apostle."
"AREA7_3007_DESC","Unmanned fleet controlled by the spirit chain of the apostle."
"AREA7_3008_DESC","Unmanned fleet controlled by the spirit chain of the apostle."
"AREA7_3009_DESC","Unmanned fleet controlled by the spirit chain of the apostle."
"AREA7_3010_DESC","Unmanned fleet controlled by the spirit chain of Simon."
"AREA7_4001_NAME","Shadow of Apostle"
"AREA7_4002_NAME","Shadow of Apostle"
"AREA7_4003_NAME","Shadow of Apostle"
"AREA7_4004_NAME","Shadow of Apostle"
"AREA7_4005_NAME","Simon of Apostle"
"AREA7_4006_NAME","Shadow of Apostle"
"AREA7_4007_NAME","Shadow of Apostle"
"AREA7_4008_NAME","Shadow of Apostle"
"AREA7_4009_NAME","Shadow of Apostle"
"AREA7_4010_NAME","Simon the Phantom"
"AREA7_4001_DESC","Unmanned fleet controlled by the spirit chain of the apostle."
"AREA7_4002_DESC","Unmanned fleet controlled by the spirit chain of the apostle."
"AREA7_4003_DESC","Unmanned fleet controlled by the spirit chain of the apostle."
"AREA7_4004_DESC","Unmanned fleet controlled by the spirit chain of the apostle."
"AREA7_4005_DESC","Unmanned fleet controlled by the spirit chain of Simon."
"AREA7_4006_DESC","Unmanned fleet controlled by the spirit chain of the apostle."
"AREA7_4007_DESC","Unmanned fleet controlled by the spirit chain of the apostle."
"AREA7_4008_DESC","Unmanned fleet controlled by the spirit chain of the apostle."
"AREA7_4009_DESC","Unmanned fleet controlled by the spirit chain of the apostle."
"AREA7_4010_DESC","Unmanned fleet controlled by the spirit chain of Simon."
"AREA7_5001_NAME","Shadow of Apostle"
"AREA7_5002_NAME","Shadow of Apostle"
"AREA7_5003_NAME","Shadow of Apostle"
"AREA7_5004_NAME","Shadow of Apostle"
"AREA7_5005_NAME","Simon's Illusion"
"AREA7_5006_NAME","Shadow of Apostle"
"AREA7_5007_NAME","Shadow of Apostle"
"AREA7_5008_NAME","Shadow of Apostle"
"AREA7_5009_NAME","Shadow of Apostle"
"AREA7_5010_NAME","Simon"
"AREA7_5001_DESC","Unmanned fleet controlled by the spirit chain of the apostle."
"AREA7_5002_DESC","Unmanned fleet controlled by the spirit chain of the apostle."
"AREA7_5003_DESC","Unmanned fleet controlled by the spirit chain of the apostle."
"AREA7_5004_DESC","Unmanned fleet controlled by the spirit chain of the apostle."
"AREA7_5005_DESC","Unmanned fleet controlled by the spirit chain of Simon."
"AREA7_5006_DESC","Unmanned fleet controlled by the spirit chain of the apostle."
"AREA7_5007_DESC","Unmanned fleet controlled by the spirit chain of the apostle."
"AREA7_5008_DESC","Unmanned fleet controlled by the spirit chain of the apostle."
"AREA7_5009_DESC","Unmanned fleet controlled by the spirit chain of the apostle."
"AREA7_5010_DESC","Simon is also known as "Simon the Zealot""
"AREA7_6001_NAME","Shadow of Thaddaeus"
"AREA7_6002_NAME","Shadow of Thaddaeus"
"AREA7_6003_NAME","Shadow of Thaddaeus"
"AREA7_6004_NAME","Shadow of Thaddaeus"
"AREA7_6005_NAME","Shadow of Thaddaeus"
"AREA7_6006_NAME","Shadow of Thaddaeus"
"AREA7_6007_NAME","Shadow of Thaddaeus"
"AREA7_6008_NAME","Shadow of Thaddaeus"
"AREA7_6009_NAME","Shadow of Thaddaeus"
"AREA7_6010_NAME","Thaddaeus"
"AREA7_6001_DESC","Unmanned fleet controlled by the spirit chain of Thaddaeus."
"AREA7_6002_DESC","Unmanned fleet controlled by the spirit chain of Thaddaeus."
"AREA7_6003_DESC","Unmanned fleet controlled by the spirit chain of Thaddaeus."
"AREA7_6004_DESC","Unmanned fleet controlled by the spirit chain of Thaddaeus."
"AREA7_6005_DESC","Unmanned fleet controlled by the spirit chain of Thaddaeus."
"AREA7_6006_DESC","Unmanned fleet controlled by the spirit chain of Thaddaeus."
"AREA7_6007_DESC","Unmanned fleet controlled by the spirit chain of Thaddaeus."
"AREA7_6008_DESC","Unmanned fleet controlled by the spirit chain of Thaddaeus."
"AREA7_6009_DESC","Unmanned fleet controlled by the spirit chain of Thaddaeus."
"AREA7_6010_DESC","Thaddaeus was the first apostle commander that came to the galaxy."
"AREA7_7001_NAME","Shadow of John"
"AREA7_7002_NAME","Shadow of John"
"AREA7_7003_NAME","Shadow of John"
"AREA7_7004_NAME","Shadow of John"
"AREA7_7005_NAME","Shadow of John"
"AREA7_7006_NAME","Shadow of John"
"AREA7_7007_NAME","Shadow of John"
"AREA7_7008_NAME","Shadow of John"
"AREA7_7009_NAME","Shadow of John"
"AREA7_7010_NAME","John"
"AREA7_7001_DESC","Unmanned fleet controlled by the spirit chain of John."
"AREA7_7002_DESC","Unmanned fleet controlled by the spirit chain of John."
"AREA7_7003_DESC","Unmanned fleet controlled by the spirit chain of John."
"AREA7_7004_DESC","Unmanned fleet controlled by the spirit chain of John."
"AREA7_7005_DESC","Unmanned fleet controlled by the spirit chain of John."
"AREA7_7006_DESC","Unmanned fleet controlled by the spirit chain of John."
"AREA7_7007_DESC","Unmanned fleet controlled by the spirit chain of John."
"AREA7_7008_DESC","Unmanned fleet controlled by the spirit chain of John."
"AREA7_7009_DESC","Unmanned fleet controlled by the spirit chain of John."
"AREA7_7010_DESC","John is a mild commander apostle."
"AREA7_8001_NAME","Shadow of Apostle"
"AREA7_8002_NAME","Shadow of Apostle"
"AREA7_8003_NAME","Shadow of Apostle"
"AREA7_8004_NAME","Shadow of Apostle"
"AREA7_8005_NAME","Shadow of Apostle"
"AREA7_8006_NAME","Shadow of Apostle"
"AREA7_8007_NAME","Shadow of Apostle"
"AREA7_8008_NAME","Shadow of Apostle"
"AREA7_8009_NAME","Shadow of Apostle"
"AREA7_8010_NAME","Shadow of Bartholomew"
"AREA7_8001_DESC","Unmanned fleet controlled by the spirit chain of the apostle."
"AREA7_8002_DESC","Unmanned fleet controlled by the spirit chain of the apostle."
"AREA7_8003_DESC","Unmanned fleet controlled by the spirit chain of the apostle."
"AREA7_8004_DESC","Unmanned fleet controlled by the spirit chain of the apostle."
"AREA7_8005_DESC","Unmanned fleet controlled by the spirit chain of the apostle."
"AREA7_8006_DESC","Unmanned fleet controlled by the spirit chain of the apostle."
"AREA7_8007_DESC","Unmanned fleet controlled by the spirit chain of the apostle."
"AREA7_8008_DESC","Unmanned fleet controlled by the spirit chain of the apostle."
"AREA7_8009_DESC","Unmanned fleet controlled by the spirit chain of the apostle."
"AREA7_8010_DESC","Unmanned fleet controlled by the spirit chain of the Bartholomew."
"AREA8_1001_NAME","Shadow Power"
"AREA8_1002_NAME","Shadow Power"
"AREA8_1003_NAME","Shadow Power"
"AREA8_1004_NAME","Shadow Power"
"AREA8_1005_NAME","Shadow Power"
"AREA8_1006_NAME","Shadow Power"
"AREA8_1007_NAME","Shadow Power"
"AREA8_1008_NAME","Shadow Power"
"AREA8_1009_NAME","Shadow Power"
"AREA8_1010_NAME","Shadow of Andrew"
"AREA8_1001_DESC","Unmanned fleet under Will of Shadow's control."
"AREA8_1002_DESC","Unmanned fleet under Will of Shadow's control."
"AREA8_1003_DESC","Unmanned fleet under Will of Shadow's control."
"AREA8_1004_DESC","Unmanned fleet under Will of Shadow's control."
"AREA8_1005_DESC","Unmanned fleet under Will of Andrew's control."
"AREA8_1006_DESC","Unmanned fleet under Will of Shadow's control."
"AREA8_1007_DESC","Unmanned fleet under Will of Shadow's control."
"AREA8_1008_DESC","Unmanned fleet under Will of Shadow's control."
"AREA8_1009_DESC","Unmanned fleet under Will of Shadow's control."
"AREA8_1010_DESC","Unmanned fleet under Will of Andrew's control."
"AREA8_2001_NAME","Shadow Power"
"AREA8_2002_NAME","Shadow Power"
"AREA8_2003_NAME","Shadow Power"
"AREA8_2004_NAME","Shadow Power"
"AREA8_2005_NAME","Simon's Illusion"
"AREA8_2006_NAME","Shadow Power"
"AREA8_2007_NAME","Shadow Power"
"AREA8_2008_NAME","Shadow Power"
"AREA8_2009_NAME","Shadow Power"
"AREA8_2010_NAME","Simon's Illusion"
"AREA8_2001_DESC","Unmanned fleet under Will of Shadow's control."
"AREA8_2002_DESC","Unmanned fleet under Will of Shadow's control."
"AREA8_2003_DESC","Unmanned fleet under Will of Shadow's control."
"AREA8_2004_DESC","Unmanned fleet under Will of Shadow's control."
"AREA8_2005_DESC","Unmanned fleet under Simon's control."
"AREA8_2006_DESC","Unmanned fleet under Will of Shadow's control."
"AREA8_2007_DESC","Unmanned fleet under Will of Shadow's control."
"AREA8_2008_DESC","Unmanned fleet under Will of Shadow's control."
"AREA8_2009_DESC","Unmanned fleet under Will of Shadow's control."
"AREA8_2010_DESC","Unmanned fleet under Simon's control."
"AREA8_3001_NAME","Shadow Power"
"AREA8_3002_NAME","Shadow Power"
"AREA8_3003_NAME","Shadow Power"
"AREA8_3004_NAME","Shadow Power"
"AREA8_3005_NAME","Simon's Illusion"
"AREA8_3006_NAME","Shadow Power"
"AREA8_3007_NAME","Shadow Power"
"AREA8_3008_NAME","Shadow Power"
"AREA8_3009_NAME","Shadow Power"
"AREA8_3010_NAME","Simon's Illusion"
"AREA8_3001_DESC","Unmanned fleet under Will of Shadow's control."
"AREA8_3002_DESC","Unmanned fleet under Will of Shadow's control."
"AREA8_3003_DESC","Unmanned fleet under Will of Shadow's control."
"AREA8_3004_DESC","Unmanned fleet under Will of Shadow's control."
"AREA8_3005_DESC","Unmanned fleet under Simon's control."
"AREA8_3006_DESC","Unmanned fleet under Will of Shadow's control."
"AREA8_3007_DESC","Unmanned fleet under Will of Shadow's control."
"AREA8_3008_DESC","Unmanned fleet under Will of Shadow's control."
"AREA8_3009_DESC","Unmanned fleet under Will of Shadow's control."
"AREA8_3010_DESC","Unmanned fleet under Simon's control."
"AREA8_4001_NAME","Simon's Illusion"
"AREA8_4002_NAME","Simon's Illusion"
"AREA8_4003_NAME","Simon's Illusion"
"AREA8_4004_NAME","Simon's Illusion"
"AREA8_4005_NAME","Simon's Illusion"
"AREA8_4006_NAME","Simon's Illusion"
"AREA8_4007_NAME","Simon's Illusion"
"AREA8_4008_NAME","Simon's Illusion"
"AREA8_4009_NAME","Simon's Illusion"
"AREA8_4010_NAME","Jacob"
"AREA8_4001_DESC","Unmanned fleet under Simon's control."
"AREA8_4002_DESC","Unmanned fleet under Simon's control."
"AREA8_4003_DESC","Unmanned fleet under Simon's control."
"AREA8_4004_DESC","Unmanned fleet under Simon's control."
"AREA8_4005_DESC","Unmanned fleet under Simon's control."
"AREA8_4006_DESC","Unmanned fleet under Simon's control."
"AREA8_4007_DESC","Unmanned fleet under Simon's control."
"AREA8_4008_DESC","Unmanned fleet under Simon's control."
"AREA8_4009_DESC","Unmanned fleet under Simon's control."
"AREA8_4010_DESC","Jacob is an apostle full of curiousity and tolerance, always open to new things. Average in all disciplines, though."
"AREA8_5001_NAME","Shadow Power"
"AREA8_5002_NAME","Shadow Power"
"AREA8_5003_NAME","Shadow Power"
"AREA8_5004_NAME","Shadow Power"
"AREA8_5005_NAME","Simon's Illusion"
"AREA8_5006_NAME","Shadow Power"
"AREA8_5007_NAME","Shadow Power"
"AREA8_5008_NAME","Shadow Power"
"AREA8_5009_NAME","Shadow Power"
"AREA8_5010_NAME","Andrew"
"AREA8_5001_DESC","Unmanned fleet under Will of Shadow's control."
"AREA8_5002_DESC","Unmanned fleet under Will of Shadow's control."
"AREA8_5003_DESC","Unmanned fleet under Will of Shadow's control."
"AREA8_5004_DESC","Unmanned fleet under Will of Shadow's control."
"AREA8_5005_DESC","Unmanned fleet under Simon's control."
"AREA8_5006_DESC","Unmanned fleet under Will of Shadow's control."
"AREA8_5007_DESC","Unmanned fleet under Will of Shadow's control."
"AREA8_5008_DESC","Unmanned fleet under Will of Shadow's control."
"AREA8_5009_DESC","Unmanned fleet under Will of Shadow's control."
"AREA8_5010_DESC","For some apostles, destroying their will is nigh impossible."
"AREA8_6001_NAME","Shadow Power"
"AREA8_6002_NAME","Shadow Power"
"AREA8_6003_NAME","Shadow Power"
"AREA8_6004_NAME","Shadow Power"
"AREA8_6005_NAME","Shadow Power"
"AREA8_6006_NAME","Shadow Power"
"AREA8_6007_NAME","Shadow Power"
"AREA8_6008_NAME","Shadow Power"
"AREA8_6009_NAME","Shadow Power"
"AREA8_6010_NAME","Bartholomew"
"AREA8_6001_DESC","Unmanned fleet under Will of Shadow's control."
"AREA8_6002_DESC","Unmanned fleet under Will of Shadow's control."
"AREA8_6003_DESC","Unmanned fleet under Will of Shadow's control."
"AREA8_6004_DESC","Unmanned fleet under Will of Shadow's control."
"AREA8_6005_DESC","Unmanned fleet under Will of Shadow's control."
"AREA8_6006_DESC","Unmanned fleet under Will of Shadow's control."
"AREA8_6007_DESC","Unmanned fleet under Will of Shadow's control."
"AREA8_6008_DESC","Unmanned fleet under Will of Shadow's control."
"AREA8_6009_DESC","Unmanned fleet under Will of Shadow's control."
"AREA8_6010_DESC","Bartholomew, corrupted by Will of Shadow, grew evil."
"AREA8_7001_NAME","Distortion Will"
"AREA8_7002_NAME","Distortion Will"
"AREA8_7003_NAME","Distortion Will"
"AREA8_7004_NAME","Distortion Will"
"AREA8_7005_NAME","Distortion Will"
"AREA8_7006_NAME","Distortion Will"
"AREA8_7007_NAME","Distortion Will"
"AREA8_7008_NAME","Distortion Will"
"AREA8_7009_NAME","Distortion Will"
"AREA8_7010_NAME","Shadow Will"
"AREA8_7001_DESC","It was corrupted at the hand of John."
"AREA8_7002_DESC","It was corrupted at the hand of John."
"AREA8_7003_DESC","It was corrupted at the hand of John."
"AREA8_7004_DESC","It was corrupted at the hand of John."
"AREA8_7005_DESC","It was corrupted at the hand of John."
"AREA8_7006_DESC","It was corrupted at the hand of John."
"AREA8_7007_DESC","It was corrupted at the hand of John."
"AREA8_7008_DESC","It was corrupted at the hand of John."
"AREA8_7009_DESC","It was corrupted at the hand of John."
"AREA8_7010_DESC","Previously a part of Divine Will, influenced by Raphael. Later grew independent and declared war against humanity."
"AREA8_8001_NAME","Vague Thought"
"AREA8_8002_NAME","Vague Thought"
"AREA8_8003_NAME","Vague Thought"
"AREA8_8004_NAME","Vague Thought"
"AREA8_8005_NAME","Vague Thought"
"AREA8_8006_NAME","Vague Thought"
"AREA8_8007_NAME","Vague Thought"
"AREA8_8008_NAME","Vague Thought"
"AREA8_8009_NAME","Vague Thought"
"AREA8_8010_NAME","Vague Reality"
"AREA8_8001_DESC","Following the appearance of the White Star, the space-time continuum suffered extreme damage. Anything is possible here."
"AREA8_8002_DESC","Following the appearance of the White Star, the space-time continuum suffered extreme damage. Anything is possible here."
"AREA8_8003_DESC","Following the appearance of the White Star, the space-time continuum suffered extreme damage. Anything is possible here."
"AREA8_8004_DESC","Following the appearance of the White Star, the space-time continuum suffered extreme damage. Anything is possible here."
"AREA8_8005_DESC","Following the appearance of the White Star, the space-time continuum suffered extreme damage. Anything is possible here."
"AREA8_8006_DESC","Following the appearance of the White Star, the space-time continuum suffered extreme damage. Anything is possible here."
"AREA8_8007_DESC","Following the appearance of the White Star, the space-time continuum suffered extreme damage. Anything is possible here."
"AREA8_8008_DESC","Following the appearance of the White Star, the space-time continuum suffered extreme damage. Anything is possible here."
"AREA8_8009_DESC","Following the appearance of the White Star, the space-time continuum suffered extreme damage. Anything is possible here."
"AREA8_8010_DESC","Following the appearance of the White Star, the space-time continuum suffered extreme damage. Anything is possible here."
"AREA1_4103_NAME","Partisan fleet"
"AREA1_4103_DESC","Partisan fleet from unknown location"
"AREA1_4107_NAME","Partisan fleet"
"AREA1_4107_DESC","Partisan fleet from unknown location"
"AREA1_5102_NAME","Partisan fleet"
"AREA1_5102_DESC","Partisan fleet from unknown location"
"AREA1_5108_NAME","Partisan fleet"
"AREA1_5108_DESC","Partisan fleet from unknown location"
"AREA60_1001_NAME","Rebel Raiders "
"AREA60_1002_NAME","Rebel Raiders "
"AREA60_1003_NAME","Rebel Raiders "
"AREA60_1004_NAME","Rebel Raiders "
"AREA60_1005_NAME","Rebel Raiders "
"AREA60_1006_NAME","Rebel Raiders "
"AREA60_1007_NAME","Raider Commander"
"AREA60_1008_NAME","Rebel Raiders "
"AREA60_1009_NAME","Rebel Raiders "
"AREA60_1010_NAME","Rebel Raiders "
"AREA60_1011_NAME","Rebel Raiders "
"AREA60_1012_NAME","Rebel Raiders "
"AREA60_1013_NAME","Raider Commander"
"AREA60_1001_DESC","Unknown Armed Vessel"
"AREA60_1002_DESC","Unknown Armed Vessel"
"AREA60_1003_DESC","Unknown Armed Vessel"
"AREA60_1004_DESC","Unknown Armed Vessel"
"AREA60_1005_DESC","Unknown Armed Vessel"
"AREA60_1006_DESC","Unknown Armed Vessel"
"AREA60_1007_DESC","Unknown Armed Vessel"
"AREA60_1008_DESC","Unknown Armed Vessel"
"AREA60_1009_DESC","Unknown Armed Vessel"
"AREA60_1010_DESC","Unknown Armed Vessel"
"AREA60_1011_DESC","Unknown Armed Vessel"
"AREA60_1012_DESC","Unknown Armed Vessel"
"AREA60_1013_DESC","Unknown Armed Vessel"
