"SKILL_NAME_1","Fire Suppression"
"SKILL_NAME_2","Hyperparticle Cannon"
"SKILL_NAME_3","Battlefield Interdiction"
"SKILL_NAME_4","Gamma Burning"
"SKILL_NAME_5","Gravity Cannon"
"SKILL_NAME_6","Positron Blaster"
"SKILL_NAME_7","Battlefield Interdiction"
"SKILL_NAME_8","Gamma Burning"
"SKILL_NAME_9","Indra Matrix"
"SKILL_NAME_10","Photon Missile"
"SKILL_NAME_11","Positron Blaster"
"SKILL_NAME_12","Fire Suppression"
"SKILL_NAME_13","Phase Shift Armor"
"SKILL_NAME_14","Space Trap"
"SKILL_NAME_15","Hydrogen Bomb"
"SKILL_NAME_16","Plasma Impact"
"SKILL_NAME_17","Quantum LOCK"
"SKILL_NAME_18","Positron Blaster"
"SKILL_NAME_19","Armor Absorb"
"SKILL_NAME_20","Phaseshift Matrix "
"SKILL_NAME_21","Mass Matrix"
"SKILL_NAME_22","Gravity Trap"
"SKILL_NAME_23","Gamma Blast"
"SKILL_NAME_24","Plasma Impact"
"SKILL_NAME_25","Positron Blast"
"SKILL_NAME_26","Fire Suppression"
"SKILL_NAME_27","Armor Blast"
"SKILL_NAME_28","Phaseshift Matrix"
"SKILL_NAME_29","Fire Suppression II"
"SKILL_NAME_30","Hydrogen Bomb"
"SKILL_NAME_31","Space Trap"
"SKILL_NAME_32","Electromagnetic Shock"
"SKILL_NAME_33","Neutron Interference"
"SKILL_NAME_34","Energy BLack Hole"
"SKILL_NAME_35","Phaseshift Matrix"
"SKILL_NAME_36","Indra Matrix"
"SKILL_NAME_37","Strong Interaction Matrix"
"SKILL_NAME_38","Mass Matrix"
"SKILL_NAME_39","Proton Matrix"
"SKILL_NAME_40","Meson Matrix"
"SKILL_NAME_41","Energy Prism"
"SKILL_NAME_42","Neutron Prism"
"SKILL_NAME_43","Quantum Prism"
"SKILL_NAME_44","Impact Prism"
"SKILL_NAME_45","Prism of Destruction"
"SKILL_NAME_46","Prism of Extinction"
"SKILL_NAME_47","SINGLE_SD_1"
"SKILL_NAME_48","SINGLE_SD_2"
"SKILL_NAME_49","SINGLE_SD_3"
"SKILL_NAME_50","Plasma Impact"
"SKILL_NAME_51","Photon Missile"
"SKILL_NAME_52","Phase Shift Armor"
"SKILL_NAME_53","Indra Barrage"
"SKILL_NAME_54","Fire Suppression"
"SKILL_NAME_55","Plasma Shield"
"SKILL_NAME_56","Positron Blaster"
"SKILL_NAME_57","Indra Barrage"
"SKILL_NAME_58","Fire Suppression"
"SKILL_NAME_59","Nano Vandal"
"SKILL_NAME_60","Phase Shift Armor"
"SKILL_NAME_61","Gravity Trap"
"SKILL_NAME_1062","Quantum Morph"
"SKILL_NAME_63","Plasma Field"
"SKILL_NAME_64","Armor Absorb"
"SKILL_NAME_65","Plasma Field"
"SKILL_NAME_66","Stasis Trap"
"SKILL_NAME_67","Photon Missile"
"SKILL_NAME_68","Plasma Field"
"SKILL_NAME_69","Nano Vandal II"
"SKILL_NAME_70","Indra Barrage"
"SKILL_NAME_71","Gravity Trap"
"SKILL_NAME_72","Power Torrent"
"SKILL_NAME_73","Freeze"
"SKILL_NAME_74","Plasma Jet"
"SKILL_NAME_75","Vertical_LOCK_2"
"SKILL_NAME_76","Vertical_LOCK_3"
"SKILL_NAME_77","Neutron surge"
"SKILL_NAME_78","Vertical_EMPTY_2"
"SKILL_NAME_79","Vertical_EMPTY_3"
"SKILL_NAME_80","Chain Detonate"
"SKILL_NAME_81","Vertical_DOT_2"
"SKILL_NAME_82","Vertical_DOT_3"
"SKILL_NAME_83","Plasma Jet"
"SKILL_NAME_84","Horizontal_JAM_2"
"SKILL_NAME_85","Horizontal_JAM_3"
"SKILL_NAME_86","EMP Impact"
"SKILL_NAME_87","Horizontal_LOCK_2"
"SKILL_NAME_88","Horizontal_LOCK_3"
"SKILL_NAME_89","Power Torrent"
"SKILL_NAME_90","Horizontal_EMPTY_2"
"SKILL_NAME_91","Horizontal_EMPTY_3"
"SKILL_NAME_92","Chain Detonate"
"SKILL_NAME_93","Horizontal_DOT_2"
"SKILL_NAME_94","Horizontal_DOT_3"
"SKILL_NAME_95","Interference"
"SKILL_NAME_96","Cross_JAM_2"
"SKILL_NAME_97","Cross_JAM_3"
"SKILL_NAME_98","Stagnate"
"SKILL_NAME_99","Plasma Shield"
"SKILL_NAME_100","Gamma Burning"
"SKILL_NAME_101","Oscillate"
"SKILL_NAME_102","Gamma Burning"
"SKILL_NAME_103","Gamma Burning"
"SKILL_NAME_105","Photon Missile"
"SKILL_NAME_106","Photon Missile"
"SKILL_NAME_107","Photon Missile"
"SKILL_NAME_108","Photon Missile"
"SKILL_NAME_109","Photon Missile"
"SKILL_NAME_110","Indra Barrage"
"SKILL_NAME_111","Photon Missile"
"SKILL_NAME_112","Gravity Cannon"
"SKILL_NAME_113","Gravity Cannon"
"SKILL_NAME_114","Gravity Cannon"
"SKILL_NAME_115","Photon Missile"
"SKILL_NAME_116","Energy Deflect"
"SKILL_NAME_117","Plasma Field"
"SKILL_NAME_118","Phase Shift Armor"
"SKILL_NAME_119","Strong Interaction Field"
"SKILL_NAME_120","Space Trap"
"SKILL_NAME_121","Indra Vandal"
"SKILL_NAME_122","Indra Vandal"
"SKILL_NAME_123","Indra Vandal"
"SKILL_NAME_124","Meson Field"
"SKILL_NAME_125","Phase Shift Armor"
"SKILL_NAME_126","Strong Interaction Field"
"SKILL_NAME_127","Transfer Field"
"SKILL_NAME_128","Nano Vandal"
"SKILL_NAME_129","EMP Nova"
"SKILL_NAME_130","Indra Vandal"
"SKILL_NAME_131","Phase Shift Armor"
"SKILL_NAME_132","Strong Armor"
"SKILL_NAME_133","Quantum Morph"
"SKILL_NAME_134","Energy Deflect"
"SKILL_NAME_135","Plasma Field"
"SKILL_NAME_136","Quantum Field"
"SKILL_NAME_137","Electron Field"
"SKILL_NAME_138","Proton Field"
"SKILL_NAME_201","Fire Suppression"
"SKILL_NAME_202","Gamma Burning"
"SKILL_NAME_203","Phaseshift Matrix"
"SKILL_NAME_204","Indra Bullet"
"SKILL_NAME_205","Strong Bullet"
"SKILL_NAME_206","Positron Blast"
"SKILL_NAME_207","Battlefield  Control"
"SKILL_NAME_208","Neutron Bomb"
"SKILL_NAME_209","Hydrogen Bomb"
"SKILL_NAME_210","Quantum LOCK"
"SKILL_NAME_211","Gamma Blast"
"SKILL_NAME_212","EMP Impact"
"SKILL_NAME_213","Nano Vandal"
"SKILL_NAME_214","Quantum Resonant"
"SKILL_NAME_215","Resonant Anti-Matter"
"SKILL_NAME_216","Resonant Anti-Matter"
"SKILL_NAME_217","Nano Vandal II"
"SKILL_NAME_218","Nano Vandal II"
"SKILL_NAME_219","Hydrogen Bomb"
"SKILL_NAME_300","Indra Vandal"
"SKILL_NAME_301","Arcane Nova"
"SKILL_NAME_302","Arcane Impulse"
"SKILL_NAME_303","Stasis Trap"
"SKILL_NAME_401","Gravity Trap"
"SKILL_NAME_402","Doom Impact"
"SKILL_NAME_403","Indra Barrage"
"SKILL_NAME_404","Resonant Anti-Matter"
"SKILL_NAME_417","Plasma Jet"
"SKILL_NAME_418","Plasma Jet"
"SKILL_NAME_419","Power Torrent"
"SKILL_DES_1","Single attack,deals <number>% of ordinary S-ATK damage,with LOCK effect for 1 rounds"
"SKILL_DES_2","Horizontal attack, deals <number>% of ordinary S-ATK damage"
"SKILL_DES_3","Vertical attack, deals <number>% of ordinary S-ATK damage"
"SKILL_DES_4","Cross attack, deals <number>% of ordinary S-ATK damage"
"SKILL_DES_5","Attacks all enemy ships and deals <number>% of ordinary S-ATK damage."
"SKILL_DES_6","Horizontal attack, deals <number>% of ordinary S-ATK damage, half accumulator cost"
"SKILL_DES_7","Vertical attack, deals <number>% of ordinary S-ATK damage, half accumulator cost"
"SKILL_DES_8","Horizontal attack, deals <number>% of ordinary S-ATK damage"
"SKILL_DES_9","Cross attack, deals <number>% of ordinary S-ATK damage"
"SKILL_DES_10","Vertical attack, deals <number>% of ordinary S-ATK damage"
"SKILL_DES_11","Horizontal attack, deals <number>% of ordinary S-ATK damage"
"SKILL_DES_12","Single attack,deals <number>% of ordinary S-ATK damage"
"SKILL_DES_13","Increase DEF 20% for 2 rounds"
"SKILL_DES_14","Single attack,deals <number>% of ordinary S-ATK damage,with LOCK effect for 1 rounds"
"SKILL_DES_15","Single attack,deals <number>% of ordinary S-ATK damage"
"SKILL_DES_16","Single attack, deals <number>% of ordinary S-ATK damage, and reduces ATK of a target for 1 rounds"
"SKILL_DES_17","Single attack,deals <number>% of ordinary S-ATK damage,with LOCK effect for 1 rounds"
"SKILL_DES_18","Vertical attack, deals <number>% of ordinary S-ATK damage"
"SKILL_DES_19","Single attack,deals <number>% of ordinary S-ATK damage, and reduces the physical defense of a target for 3 rounds"
"SKILL_DES_20","Single attack,deals <number>% of ordinary S-ATK damage, and increase DEF 10% for 2 rounds"
"SKILL_DES_21","Single attack, deals <number>% of ordinary S-ATK damage, and increases ATK by 10% for 2 rounds"
"SKILL_DES_22","Single attack,deals <number>% of ordinary S-ATK damage,may LOCK target"
"SKILL_DES_23","Single attack,, deals <number>% of ordinary S-ATK damage"
"SKILL_DES_24","Single attack, deals <number>% of ordinary S-ATK damage, and reduces ATK of a target for 2 rounds"
"SKILL_DES_25","Vertical attack, deals <number>% of ordinary S-ATK damage, with LOCK effect for 1 rounds"
"SKILL_DES_26","Single attack,deals <number>% of ordinary S-ATK damage"
"SKILL_DES_27","Single attack, deals <number>% of ordinary S-ATK damage, and reduces DEF of a target for 3 rounds"
"SKILL_DES_28","Single attack,deals <number>% of ordinary S-ATK damage, and increase DEF for 2 rounds"
"SKILL_DES_29","Single attack, deals <number>% of ordinary S-ATK damage, half accumulator cost"
"SKILL_DES_30","Single attack, deals <number>% of ordinary S-ATK damage, half accumulator cost"
"SKILL_DES_31","Single attack, deals <number>% of ordinary S-ATK damage, and 1 rounds of lock effect"
"SKILL_DES_32","Horizontal attack, deals <number>% of ordinary S-ATK damage, and reduces DEF of a target for 2 rounds"
"SKILL_DES_33","Horizontal attack, deals <number>% of ordinary S-ATK damage"
"SKILL_DES_34","Single attack, deals %d%% of ordinary S-ATK damage, and deletes target energy"
"SKILL_DES_35","Single attack, causes normal damage, and increase physical defense for 3 rounds"
"SKILL_DES_36","Single attack, causes moderate damage, and increase physical defense for 3 rounds"
"SKILL_DES_37","Single attack, deals %d%% of ordinary S-ATK damage, and increases physical defense for 3 rounds"
"SKILL_DES_38","Single attack, causes normal damage, and increases physical attack for 3 rounds"
"SKILL_DES_39","Single attack, causes moderate damage, and increases physical attack for 3 rounds"
"SKILL_DES_40","Single attack,causing massive damage,and increase the physical attack of the deliverer for 3 rounds"
"SKILL_DES_41","Single attack, causes normal damage, and increases energy defense for 3 rounds"
"SKILL_DES_42","Single attack, causes moderate damage, and increase energy defense for 3 rounds"
"SKILL_DES_43","Single attack, deals %d%% of ordinary S-ATK damage, and increases energy defense for 3 rounds"
"SKILL_DES_44","Single attack, causes normal damage, and increases energy attack for 3 rounds"
"SKILL_DES_45","Single attack, causes moderate damage, and increases energy attack for 3 rounds"
"SKILL_DES_46","Single attack, causing massive damage, and increases energy attack for 3 rounds"
"SKILL_DES_47","Single attack, causes normal damage, and increases special defense for 3 rounds"
"SKILL_DES_48","Single attack, causes moderate damage, and increases special defense for 3 rounds"
"SKILL_DES_49","Single attack, deals %d%% of ordinary S-ATK damage, and increases special defense for 3 rounds"
"SKILL_DES_50","Single attack,deals <number>% of ordinary S-ATK damage"
"SKILL_DES_51","Single attack,deals <number>% of ordinary S-ATK damage"
"SKILL_DES_52","Increase DEF 50% for 2 rounds"
"SKILL_DES_53","Vertical attack, deals <number>% of ordinary S-ATK damage"
"SKILL_DES_54","Single attack,deals <number>% of ordinary S-ATK damage"
"SKILL_DES_55","Increases the Block rate of the user by 50% for 2 rounds"
"SKILL_DES_56","Horizontal attack, deals <number>% of ordinary S-ATK damage"
"SKILL_DES_57","Vertical attack, deals <number>% of ordinary S-ATK damage"
"SKILL_DES_58","Increases ATK by 30% for 2 rounds"
"SKILL_DES_59","Single attack, deals <number>% of ordinary S-ATK damage, and reduces ATK of a target for 2 rounds"
"SKILL_DES_60","Single attack,deals <number>% of ordinary S-ATK damage, and increase DEF 40% for 2 rounds"
"SKILL_DES_61","Attacks all enemy ships and deals <number>% of ordinary S-ATK damage."
"SKILL_DES_1062","Your entire fleet will enter Stealth mode for 1 round.（Except the releaser)"
"SKILL_DES_63","Provides the user with a Shield that will protect them for up to 26,000 damage and lasts for 1 round."
"SKILL_DES_64","Attacks all enemy ships, deals <number>% of ordinary S-ATK damage, and reduces ATK of all targets by 40% for 2 rounds."
"SKILL_DES_65","Provides all ships in the fleet with a Shield that will protect all of them for up to 8,000 damage and lasts for 1 round."
"SKILL_DES_66","Single attack,deals <number>% of ordinary S-ATK damage,with LOCK effect for 1 rounds"
"SKILL_DES_67","Vertical attack, deals <number>% of ordinary S-ATK damage"
"SKILL_DES_68","Provides the ship in the fleet that has the least HP with a Shield that will protect them for up to 6,500 damage and lasts for 1 round."
"SKILL_DES_69","Horizontal attack, deals <number>% of S-ATK damage and decrease 40% of ordinary ATK on target, lasts for 2 rounds."
"SKILL_DES_70","Vertical attack, deals <number>% of ordinary S-ATK damage"
"SKILL_DES_71","Attacks all enemy ships and deals <number>% of ordinary S-ATK damage."
"SKILL_DES_72","Horizontal attack, deals <number>% of S-ATK damage and increase 30% of ordinary ATK, lasts for 2 rounds."
"SKILL_DES_73","Freeze all opponent ships for 1 round."
"SKILL_DES_74","Single attack, deals 100% damage and increases dodge rate by 30% for 2 rounds."
"SKILL_DES_75","Vertical attack, causes moderate damage, and 2 rounds of lock effect"
"SKILL_DES_76","Vertical attack, deals %d%% of ordinary S-ATK damage, and 2 rounds of lock effect"
"SKILL_DES_77","Vertical attack, causes normal damage, and depleted targets energy"
"SKILL_DES_78","Vertical attack, causes moderate damage, and depleted targets energy"
"SKILL_DES_79","Vertical attack, deals %d%% of ordinary S-ATK damage, and depleted targets energy"
"SKILL_DES_80","Vertical attack, causes normal damage, and causes sustained damage for 2 rounds"
"SKILL_DES_81","Vertical attack, causes moderate damage, and causes sustained damage for 2 rounds"
"SKILL_DES_82","Vertical attack, deals %d%% of ordinary S-ATK damage, and causes sustained damage for 2 rounds"
"SKILL_DES_83","Horizontal attack, causes normal damage, and 2 rounds of jam effect"
"SKILL_DES_84","Horizontal attack, causes moderate damage, and 2 rounds of jam effect"
"SKILL_DES_85","Horizontal attack, deals %d%% of ordinary S-ATK damage, and 2 rounds of jam effect"
"SKILL_DES_86","Horizontal attack, causes normal damage, and 2 rounds of lock effect"
"SKILL_DES_87","Horizontal attack, causes moderate damage, and 2 rounds of lock effect"
"SKILL_DES_88","Horizontal attack, deals %d%% of ordinary S-ATK damage, and 2 rounds of lock effect"
"SKILL_DES_89","Horizontal attack, causes normal damage and depleted targets energy"
"SKILL_DES_90","Horizontal attack, causes moderate damage and depleted targets energy"
"SKILL_DES_91","Horizontal attack, deals %d%% of ordinary S-ATK damage and depleted targets energy"
"SKILL_DES_92","Horizontal attack, causes normal damage, and causes sustained injury for 2 rounds"
"SKILL_DES_93","Horizontal attack, causes moderate damage, and causes sustained injury for 2 rounds"
"SKILL_DES_94","Horizontal attack, deals %d%% of ordinary S-ATK damage, and causes sustained injury for 2 rounds"
"SKILL_DES_95","Cross attack, causes normal damage, and 2 rounds of jam effect"
"SKILL_DES_96","Cross attack, causes moderate damage, and 2 rounds of jam effect"
"SKILL_DES_97","Cross attack, deals %d%% of ordinary S-ATK damage, and 2 rounds of jam effect"
"SKILL_DES_98","Cross attack, causes normal damage, and 2 rounds of lock effect"
"SKILL_DES_99","Cross attack, causes moderate damage, and 2 rounds of lock effect"
"SKILL_DES_100","Cross attack, deals %d%% of ordinary S-ATK damage, and 2 rounds of lock effect"
"SKILL_DES_101","Cross attack, causes normal damage, and depletes targets energy"
"SKILL_DES_102","Cross attack, causes moderate damage, and depletes targets energy"
"SKILL_DES_103","Cross attack, deals %d%% of ordinary S-ATK damage, and depletes targets energy"
"SKILL_DES_104","Cross attack, causes normal damage, and causes sustained injury for 2 rounds"
"SKILL_DES_105","Cross attack, causes moderate damage, and causes sustained injury for 2 rounds"
"SKILL_DES_106","Cross attack, deals %d%% of ordinary S-ATK damage, and causes sustained injury for 2 rounds"
"SKILL_DES_107","Attacks all units, causing normal damage and 2 rounds of lock effect"
"SKILL_DES_108","Attacks all units, deals %d%% of ordinary S-ATK damage and 2 rounds of lock effect"
"SKILL_DES_109","Attacks all units, causing massive damage and 2 rounds of lock effect"
"SKILL_DES_110","Attacks all units, causes normal damage and depletes targets energy"
"SKILL_DES_111","Attacks all units, causes moderate damage and depletes targets energy"
"SKILL_DES_112","Attacks all units, deals %d%% of ordinary S-ATK damage and depletes targets energy"
"SKILL_DES_113","Attacks all units, causes normal damage and sustained injury for 2 rounds"
"SKILL_DES_114","Attacks all units, causes moderate damage and sustained injury for 2 rounds"
"SKILL_DES_115","Attacks all units, deals %d%% of ordinary S-ATK damage and sustained injury for 2 rounds"
"SKILL_DES_116","Physical damage immunity for 1 round"
"SKILL_DES_117","Physical damage immunity for 2 rounds"
"SKILL_DES_118","Physical damage immunity for 3 rounds"
"SKILL_DES_119","Energy damage immunity for 1 round"
"SKILL_DES_120","Energy damage immunity for 2 rounds"
"SKILL_DES_121","Energy damage immunity for 3 rounds"
"SKILL_DES_122","Special damage immunity for 1 round"
"SKILL_DES_123","Special damage immunity for 2 rounds"
"SKILL_DES_124","Special damage immunity for 3 rounds"
"SKILL_DES_125","Damage immunity for a single round"
"SKILL_DES_126","Damage immunity for 2 rounds"
"SKILL_DES_127","Damage immunity for 3 rounds"
"SKILL_DES_128","Damage immunity for a single round"
"SKILL_DES_129","Damage immunity for 2 rounds"
"SKILL_DES_201","Single attack,causes normal damage"
"SKILL_DES_202","Damage immunity for 2 rounds"
"SKILL_DES_203","Damage immunity for a single round"
"SKILL_DES_204","Damage immunity for 3 rounds"
"SKILL_DES_205","Damage immunity for a single round"
"SKILL_DES_206","Damage immunity for 4 rounds"
"SKILL_DES_207","Damage immunity for a single round"
"SKILL_DES_208","Damage immunity for a single round"
"SKILL_DES_209","Damage immunity for 3 rounds"
"SKILL_DES_210","Damage immunity for a single round"
"SKILL_DES_211","Damage immunity for 4 rounds"
"SKILL_DES_212","Damage immunity for a single round"
"SKILL_DES_213","Damage immunity for 5 rounds"
"SKILL_DES_214","Damage immunity for a single round"
"SKILL_DES_215","Damage immunity for a single round"
"SKILL_DES_216","Damage immunity for 4 rounds"
"SKILL_DES_217","Damage immunity for a single round"
"SKILL_DES_218","Damage immunity for 5 rounds"
"SKILL_DES_219","Damage immunity for a single round"
"SKILL_DES_300","Damage immunity for a single round"
"SKILL_NAME_104","Dimension Flicker"
