"MAIN_QUEST_1","Restore Citadel"
"MAIN_QUEST_2","Collect 1 Time"
"MAIN_QUEST_3","Rebuild the Engineer Hub"
"MAIN_QUEST_4","Enhance Equipment"
"MAIN_QUEST_5","Defeat Scouts"
"MAIN_QUEST_6","Destroy Scout Captain"
"MAIN_QUEST_7","Defeat Priate Ships"
"MAIN_QUEST_8","Destroy Pirate Flagship"
"MAIN_QUEST_9","Build Celestial Portal"
"MAIN_QUEST_10","Recruit Lyon"
"MAIN_QUEST_11","Defeat Priate Pratrols"
"MAIN_QUEST_12","Use Galaxy Slots"
"MAIN_QUEST_13","Destroy Patrol Commander"
"MAIN_QUEST_14","Defeat Pirate Main Force"
"MAIN_QUEST_15","Rush Priate Main Force"
"MAIN_QUEST_16","Defeat Duyal"
"MAIN_QUEST_17","Join an Arena Battle"
"MAIN_QUEST_18","Rebel Pratrols"
"MAIN_QUEST_19","Defeat Patrol Flagship"
"MAIN_QUEST_20","Defeat Expedition Force"
"MAIN_QUEST_21","Destroy Expedition Flagship"
"MAIN_QUEST_22","Mine veins"
"MAIN_QUEST_23","Defeat Rebel Lamaster"
"MAIN_QUEST_24","Destroy Rebel Majoy"
"MAIN_QUEST_25","Destroy Rebel Commander"
"MAIN_QUEST_26","Rebuild Conservatory"
"MAIN_QUEST_27","Challenge Elite Priate Ships"
"MAIN_QUEST_28","Defeat Rebel Task Force"
"MAIN_QUEST_29","Evolve Equipment"
"MAIN_QUEST_30","Destroy the 2nd Lieutenant"
"MAIN_QUEST_31","Build Diplomacy Center"
"MAIN_QUEST_32","Defeat Task Force Commander"
"MAIN_QUEST_33","Destroy Raider Commander"
"MAIN_QUEST_34","Rebuild Galactonite Center Lv1. "
"MAIN_QUEST_35","Defeat O'Neil"
"MAIN_QUEST_36","Defeat the 5th Fleet"
"MAIN_QUEST_37","Defeat the 5th Fleet Officer"
"MAIN_QUEST_38","Defeat the 5th Fleet"
"MAIN_QUEST_39","Defeat the 5th Fleet Commander"
"MAIN_QUEST_40","Defeat the Elite 5th Fleet"
"MAIN_QUEST_41","Destroy the Primary Forces"
"MAIN_QUEST_42","Defeat Damon"
"MAIN_QUEST_43","Upgrade Engineer Hub Lv. 6. "
"MAIN_QUEST_44","Defeat the Guard Leader"
"MAIN_QUEST_45","Defeat the Guard Commander"
"MAIN_QUEST_46","Join an Arena Battle"
"MAIN_QUEST_47","Defeat Garrison Commanders"
"MAIN_QUEST_48","Defeat Gonzalo."
"MAIN_QUEST_49","Dispatch Diplomats"
"MAIN_QUEST_50","Defeat the Relay Commander."
"MAIN_QUEST_51","Defeat the Unknown Flagship"
"MAIN_QUEST_52","Upgrade Citadel to Lv.7. "
"MAIN_QUEST_53","Defeat the Retreated Captain"
"MAIN_QUEST_54","Defeat the Retreated Rebels"
"MAIN_QUEST_55","Upgrade Engineering Hub"
"MAIN_QUEST_56","Defeat a Guard Leader"
"MAIN_QUEST_57","Defeat Raikkonen"
"MAIN_QUEST_58","Upgrade your Research Lab"
"MAIN_QUEST_59","Defeat the 18th Fleet Officer"
"MAIN_QUEST_60","Defeat Lattice."
"MAIN_QUEST_61","Defeat Elite Lattice"
"MAIN_QUEST_62","Defeat Unknown Captain"
"MAIN_QUEST_63","Defeat Unknown Force "
"MAIN_QUEST_64","Join an Arena Battle"
"MAIN_QUEST_65","Defeat Cara's Command Ship"
"MAIN_QUEST_66","Defeat Assar"
"MAIN_QUEST_67","Defeat Elite Assar"
"MAIN_QUEST_68","Defeat Mysterious Captain"
"MAIN_QUEST_69","Defeat Mystery Commander"
"MAIN_QUEST_70","Join an Arena Battle"
"MAIN_QUEST_71","Defeat the Special Formation"
"MAIN_QUEST_72","Defeat Mystery Commander"
"MAIN_QUEST_73","Upgrade your Citadel to Lv.9. "
"MAIN_QUEST_74","Defeat a Garrison Fleet Officer"
"MAIN_QUEST_75","Defeat Mystery Garrison Fleet"
"MAIN_QUEST_76","Upgrade Engineering Hub"
"MAIN_QUEST_77","Defeat Defender Commander"
"MAIN_QUEST_78","Defeat Extraterrestrial"
"MAIN_QUEST_79","Enhance equipment 3 times."
"MAIN_QUEST_80","Defeat a Sentinel  Leader"
"MAIN_QUEST_81","Defeat ? ? ?"
"MAIN_QUEST_82","Compose Galactonite twice"
"MAIN_QUEST_83","Defeat Punisher Commander"
"MAIN_QUEST_84","Defeat ? ? ?"
"MAIN_QUEST_85","Collect Warp Energy twice"
"MAIN_QUEST_86","Defeat Brutal Punisher Leader"
"MAIN_QUEST_87","Defeat ? ? ?"
"MAIN_QUEST_88","Join an Arena Battle"
"MAIN_QUEST_89","Defeat Destroyer Captain"
"MAIN_QUEST_90","Defeat Destroyer Commander"
"MAIN_QUEST_91","Defeat Elite Destroyer"
"MAIN_QUEST_92","Defeat Vanquisher Warlord"
"MAIN_QUEST_93","Defeat Vanquisher Flagship"
"MAIN_QUEST_94","Upgrade your Citadel to Lv.10. "
"MAIN_QUEST_95","Defeat Censor Warlord"
"MAIN_QUEST_96","Defeat Censor Flagship"
"MAIN_QUEST_97","Upgrade your Research Lab"
"MAIN_QUEST_98","Defeat Apostle Flagship"
"MAIN_QUEST_99","Defeat Mixed Fleets Flagship"
"MAIN_QUEST_100","Join an Arena Battle"
"MAIN_QUEST_101","Defeat the Staff Officer "
"MAIN_QUEST_102","Defeat ? ? ?"
"MAIN_QUEST_103","Upgrade Engineering Hub"
"MAIN_QUEST_104","Defeat Apostles Staff Officer"
"MAIN_QUEST_105","Defeat Apostles Commander"
"MAIN_QUEST_106","Compose Galactonite twice"
"MAIN_QUEST_107","Defeat Nullifier Warlord"
"MAIN_QUEST_108","Defeat ? ? ?"
"MAIN_QUEST_109","Collect Warp Energy twice"
"MAIN_QUEST_110","Defeat Reaper Captain"
"MAIN_QUEST_111","Defeat Reaper Commander"
"MAIN_QUEST_112","Dispatch Affairs Officer"
"MAIN_QUEST_113","Defeat Wicked Flame Officer"
"MAIN_QUEST_114","Defeat the Wicked Flame"
"MAIN_QUEST_115","Enhance equipment 3 times"
"MAIN_QUEST_116","Defeat the Heavy Cruiser"
"MAIN_QUEST_117","Defeat the 6th Fleet Flagship"
"MAIN_QUEST_118","Upgrade your Citadel to Lv. 12. "
"MAIN_QUEST_119","Defeat the Lieutenant"
"MAIN_QUEST_120","Defeat Cassandra"
"MAIN_QUEST_121","Defeat Elite Cassandra"
"MAIN_QUEST_122","Defeat the Garrison Chief"
"MAIN_QUEST_123","Defeat Sophitia."
"MAIN_QUEST_124","Defeat Elite Sophietia"
"MAIN_QUEST_125","Defeat 2nd Fleet Destroyer"
"MAIN_QUEST_126","Defeat Du'doria"
"MAIN_QUEST_127","Defeat Elite Du'doria"
"MAIN_QUEST_128","Defeat Stargazer"
"MAIN_QUEST_129","Defeat Matthias"
"MAIN_QUEST_130","Defeat Elite Matthias"
"MAIN_QUEST_131","Defeat Army Protector"
"MAIN_QUEST_132","Defeat Army Guard Flagship"
"MAIN_QUEST_133","Upgrade Engineering Hub"
"MAIN_QUEST_134","Defeat Garrison Commander"
"MAIN_QUEST_135","Defeat Richter"
"MAIN_QUEST_136","Defeat Elite Richter"
"MAIN_QUEST_137","Defeat Divine Judge"
"MAIN_QUEST_138","Defeat Divine Executors"
"MAIN_QUEST_139","Upgrade Research Lab"
"MAIN_QUEST_140","Defeat Repressor Captain "
"MAIN_QUEST_141","Defeat Repressor Captain "
"MAIN_QUEST_142","Compose Galaconite twice."
"MAIN_QUEST_143","Defeat Repressor Commander"
"MAIN_QUEST_144","Defeat Batis"
"MAIN_QUEST_145","Enhance equipment 3 times"
"MAIN_QUEST_146","Dedeat Punisher Commander"
"MAIN_QUEST_147","Defeat Divine Censure"
"MAIN_QUEST_148","Join an Arena Battle"
"MAIN_QUEST_149","Defeat Strangler Captain "
"MAIN_QUEST_150","Defeat Sword of Death Star"
"MAIN_QUEST_151","Upgrade your Citadel to Lv.14. "
"MAIN_QUEST_152","Defeat Strangler Major"
"MAIN_QUEST_153","Defeat Sword of Death Star"
"MAIN_QUEST_154","Upgrade Engineering Hub"
"MAIN_QUEST_155","Defeat Sword of Death Star"
"MAIN_QUEST_156","Defeat DeathStar Commander"
"MAIN_QUEST_157","Upgrade your Research Lab"
"MAIN_QUEST_158","Defeat Arbiter Commander"
"MAIN_QUEST_159","Defeat Hopkins"
"MAIN_QUEST_160","Compose Galaconite 2 twice"
"MAIN_QUEST_161","Defeat Divine Lord"
"MAIN_QUEST_162","Defeat Raphael"
"MAIN_QUEST_163","Defeat Elite Raphael"
"MAIN_QUEST_164","Defeat Shadow of Andrew"
"MAIN_QUEST_165","Join an Arena Battle"
"MAIN_QUEST_166","Defeat Andrew"
"MAIN_QUEST_167","Upgrade Research Lab to Lv16. "
"MAIN_QUEST_168","Defeat Shadow of Simon"
"MAIN_QUEST_169","Compose Galactonite twice"
"MAIN_QUEST_170","Defeat Shadow of Simon"
"MAIN_QUEST_171","Upgrade your Citadel to Lv. 16. "
"MAIN_QUEST_172","Defeat Simon of Apostle"
"MAIN_QUEST_173","Enhance equipment 3 times"
"MAIN_QUEST_174","Defeat Shadow of Simon"
"MAIN_QUEST_175","Join an Arena Battle"
"MAIN_QUEST_176","Defeat Simon of Apostle"
"MAIN_QUEST_177","Compose Galaconite twice."
"MAIN_QUEST_178","Defeat Simon the Phantom"
"MAIN_QUEST_179","Upgrade Engineering Hub(Lv.16)"
"MAIN_QUEST_180","Defeat Simon's Illusion"
"MAIN_QUEST_181","Join an Arena Battle"
"MAIN_QUEST_182","Defeat Simon"
"MAIN_QUEST_183","Upgrade Research Lab(Lv.17)"
"MAIN_QUEST_184","Defeat Shadow of Thaddaeus"
"MAIN_QUEST_185","Compose Galactonite twice"
"MAIN_QUEST_186","Defeat Thaddaeus"
"MAIN_QUEST_187","Upgrade your Citadel to Lv. 17. "
"MAIN_QUEST_188","Defeat Shadow of John"
"MAIN_QUEST_189","Enhance equipment 3 times"
"MAIN_QUEST_190","Defeat John"
"MAIN_QUEST_191","Join an Arena Battle"
"MAIN_QUEST_192","Defeat Shadow of Apostle"
"MAIN_QUEST_193","Compose Galaconite twice."
"MAIN_QUEST_194","Defeat Shadow of Apostle"
"MAIN_QUEST_195","Upgrade Engineering Hub(Lv.17)"
"MAIN_QUEST_196","Defeat Shadow Power"
"MAIN_QUEST_197","Join an Arena Battle"
"MAIN_QUEST_198","Defeat Shadow of Andrew"
"MAIN_QUEST_199","Collect Warp Energy twice"
"MAIN_QUEST_200","Defeat Simon's Illusion"
"MAIN_QUEST_201","Compose Galactonite twice"
"MAIN_QUEST_202","Defeat Simon's Illusion"
"MAIN_QUEST_203","Upgrade your Citadel to Lv. 18. "
"MAIN_QUEST_204","Defeat Simon's Illusion"
"MAIN_QUEST_205","Enhance equipment 3 times"
"MAIN_QUEST_206","Defeat Simon's Illusion"
"MAIN_QUEST_207","Join an Arena Battle"
"MAIN_QUEST_208","Defeat Simon's Illusion"
"MAIN_QUEST_209","Compose Galactonite twice"
"MAIN_QUEST_210","Defeat Jacob"
"MAIN_QUEST_211","Upgrade Engineering Hub(Lv.18)"
"MAIN_QUEST_212","Defeat Simon's Illusion"
"MAIN_QUEST_213","Join an Arena Battle"
"MAIN_QUEST_214","Defeat Andrew"
"MAIN_QUEST_215","Upgrade Research Lab(Lv.18)"
"MAIN_QUEST_216","Defeat Shadow Power"
"MAIN_QUEST_217","Compose Galactonite twice"
"MAIN_QUEST_218","Defeat Bartholomew"
"MAIN_QUEST_219","Collect Warp Energy twice"
"MAIN_QUEST_220","Defeat Distortion Will"
"MAIN_QUEST_221","Enhance equipment 3 times"
"MAIN_QUEST_222","Defeat Shadow Will"
"MAIN_QUEST_223","Join an Arena Battle"
"MAIN_QUEST_224","Defeat Vague Thought"
"MAIN_QUEST_225","Compose Galactonite twice"
"MAIN_QUEST_226","Defeat Vague Reality"
"MAIN_QUEST_DES_1","The Citadel is the economic center of our planet. The higher level, the more Cubits we can collect. "
"MAIN_QUEST_DES_2","Our economic center recovered, now let's try the Collection."
"MAIN_QUEST_DES_3","Battles aren't going to get easier, we need a stronger fleets, which the Engineering Hub can make it. Lets get it back online right now!"
"MAIN_QUEST_DES_4","The basic measure to improve fleet strength is to enhance your equipment. Making sure that your Commander level equals your equipment level helps a lot. Enhance it at once!"
"MAIN_QUEST_DES_5","Our defense network has found signs of pirates within our planets vicinity - lets wipe them out."
"MAIN_QUEST_DES_6","We've defeated Scout Fleets, it's time to sort them out! Destroy the Scout Captain!"
"MAIN_QUEST_DES_7","We've defeated Scout Fleets, it's time to sort them out! Destroy the Scout Captain!"
"MAIN_QUEST_DES_8","Next the  Pirate Flagship!"
"MAIN_QUEST_DES_9","Construct the Celestial Portal to unlock and recruit more powerful fleets, Commander."
"MAIN_QUEST_DES_10","Lyon: the former commander of Lawsry District who left the Star District after retiring. Well acquainted with Sylver."
"MAIN_QUEST_DES_11","We need to ensure safety of our star zone. Attack the pirate stronghold and take out their patrols."
"MAIN_QUEST_DES_12","Dexter is an old geezer on our planet, he invented Galaxy Slots."
"MAIN_QUEST_DES_13","Let's  destroy the Patrol Commander!"
"MAIN_QUEST_DES_14","We have discovered the location of Priate Main Force, defeat them at once!"
"MAIN_QUEST_DES_15","Our fleets are not strong enough to defeat the Priate Captain, we can upgrade our fleets through Rush Priate Main Force."
"MAIN_QUEST_DES_16","Although we don't have much information, we know that Duyal is the leader of pirates within the vicinity. Rumors indicate that he used to be commander of the fleet directly affiliated to the Emperor."
"MAIN_QUEST_DES_17","Duyal reported our name to Arena. Let's give him an example of our true strength."
"MAIN_QUEST_DES_18","The security situation is much better now, but  Expedition Force Fleets appear around Star District. Before find the patrol flagship we need to defeat the Pratrols."
"MAIN_QUEST_DES_19","As was expected, their flagship is right there, done with them!"
"MAIN_QUEST_DES_20","The rebel patrol has been destroyed, and the flagship is vulnerable. Let's strike!"
"MAIN_QUEST_DES_21","The rebel patrol has been destroyed, and the flagship is vulnerable. Let's strike!"
"MAIN_QUEST_DES_22","Here's the new invention of Dexter, it's a Mine Machine which can help boost our economy."
"MAIN_QUEST_DES_23","The remaining fleet is retreating, catch them!"
"MAIN_QUEST_DES_24","The remaining fleet is retreating. Perhaps we can find some clues as to what happened - let's start with their leader."
"MAIN_QUEST_DES_25","Unfortunately, we weren't able to find any useful information from rebel mayor. Defeat the rebel commander right now!"
"MAIN_QUEST_DES_26","We have a lot to learn in the Conservatory, including valuable plans on weapon development. Lets get it back online."
"MAIN_QUEST_DES_27","Conservatory restore completed, let's challenge the elite boss!"
"MAIN_QUEST_DES_28","The battle to reclaim the 7th Spaceport begins, first step - defeat the Rebel Task Force, find their commander and finish them!"
"MAIN_QUEST_DES_29","Battles becoming more and more difficult, we need a stronger fleets, plans acts a big role in evolving our equipments."
"MAIN_QUEST_DES_30","We can move onto the second stage of battlefield recapturing after destroy the rebel guard fleet. Defeat  the 2nd Lieutenant as soon as possible!"
"MAIN_QUEST_DES_31","The Empire cut down their supply rations suddenly, fortunately Greenspan can help us. Let's construct a Diplomacy Center."
"MAIN_QUEST_DES_32","Rebels have taken control of the 7th Spaceport. We need to destroy them if we want to recapture the Spaceport, now defeat Task Force Commander�?"
"MAIN_QUEST_DES_33","Rebels have taken control of the 7th Spaceport. We need to destroy them if we want to recapture the Spaceport, now defeat Raider Commander!"
"MAIN_QUEST_DES_34","Good news! Our Galactonite Center is ready. Our fleet strength stands to make great gains."
"MAIN_QUEST_DES_35","O'Neal is said to be among the most skilled rebel commanders out there. Let's find out if what they said is true. And then defeat him."
"MAIN_QUEST_DES_36","The 5th Fleet are right there, wipe them out right now!"
"MAIN_QUEST_DES_37","We've entered the zone controlled by rebels. No choice but to go forward and fight, Commander. Defeat the commander of the 5th fleet."
"MAIN_QUEST_DES_38","The 5th Fleet still fight for the last chance, don't let them get away!"
"MAIN_QUEST_DES_39","Congratulations, victory is in sight! Defeat the rebel's 5th fleet commander."
"MAIN_QUEST_DES_40","The main force were defeated, the remaining are all elite fleets, be careful!"
"MAIN_QUEST_DES_41","The Empire will no longer support us - we're on our own. We stand to gain an edge if we destroy the core of the rebel's 5th fleet now, though."
"MAIN_QUEST_DES_42","Damon is a well known rebel general. And he's fair-minded, nobody knows why he appears here, among the rebels."
"MAIN_QUEST_DES_43","Time to upgrade our Engineering Hub, Commander. The higher the level of our Engineering Hub, the stronger we can make our equipment."
"MAIN_QUEST_DES_44","This arsenal is currently protected by a small rebel guard which shouldn't present too much of a challenge for us. Let's take them out."
"MAIN_QUEST_DES_45","Defeat the guard commander to take over the arsenal that he's defending, Commander."
"MAIN_QUEST_DES_46","To ensure that we keep up combat chops up, we should participate in arena battles. Not just to make sure that our skills stay sharp, but also to collect the spoils of war that are waiting for us, Commander."
"MAIN_QUEST_DES_47","The enemy surrounding the arsenal has been defeated. Let's keep the pressure on and defeat the guard commander to take control as soon as possible, Commander."
"MAIN_QUEST_DES_48","Gonzalo is a senior rebel general who's famous for his unshakable will and faith."
"MAIN_QUEST_DES_49","Commander, we'll need a steady supply of resources if we want to keep Star District safe and active. Let's have our Diplomats get on this."
"MAIN_QUEST_DES_50","An unknown force has attacked the imperial military parade and caused major damage. Let's strike back immediately and without mercy."
"MAIN_QUEST_DES_51","Our allies have been attacked and struck down in cold blood. We need to find out who did it and strike back."
"MAIN_QUEST_DES_52","That attack hurt, badly. Don't forget to upgrade the Citadel to keep our economy strong."
"MAIN_QUEST_DES_53","Rebels have killed our allies and people of the empire. They'll pay for what they've done."
"MAIN_QUEST_DES_54","We cannot allow the rebel commander to get away."
"MAIN_QUEST_DES_55","If we're going to take revenge, we'll need to improve our military strength. Let's upgrade the Engineering Hub, Commander."
"MAIN_QUEST_DES_56","We'll break down the rebel defense before taking out their leader, Commander. Let's locate and take him out."
"MAIN_QUEST_DES_57","Well done, Commander. Our next target is Raikkonen."
"MAIN_QUEST_DES_58","Our plans are proceeding without incident so far. Upgrade the Research Lab to ensure that we increase our combat capacity, Commander."
"MAIN_QUEST_DES_59","The enemy that we currently face is the rebel's 18th fleet. First, let's take out the 18th fleet commander."
"MAIN_QUEST_DES_60","Lattice is a rebel senior military officer who possesses undying concern for troops under his command. He's also known to be as temperamental as he is protective."
"MAIN_QUEST_DES_61","Although Lattice has joined our fleet, he remains unconvinced. Let's challenge him in the Conservatory to make sure we get him on our side, Commander."
"MAIN_QUEST_DES_62","An unknown fleet has attacked us, Commander. It seems that they're shooting to kill. Take out their leader and find a way to escape."
"MAIN_QUEST_DES_63","The commander of the unknown force is the last thing standing in our way. Take him out!"
"MAIN_QUEST_DES_64","A win in the galaxy arena will surely give everyone a taste of our true strength, Commander."
"MAIN_QUEST_DES_65","There's no doubt that the rebel fleet possesses strength, Commander. In their own words, they call it a "Carat Mixed Fleet". Whatever they call it, let's destroy it."
"MAIN_QUEST_DES_66","Assar is the leader of the rebel group known as "Son of Kara". He looks well-meaning, but we have our doubts, Commander."
"MAIN_QUEST_DES_67","Although we've taken out Assar, it's also necessary that we locate and eliminate our own combat weaknesses. Defeat Elite Assar."
"MAIN_QUEST_DES_68","Too many unknown adversaries make combat difficult. If we want to protect our people, we need to strike at the head of unknown forces which oppose us."
"MAIN_QUEST_DES_69","This fleet doesn't seem to be under human control. The same rules apply though, Commander: locate their commander and take him out."
"MAIN_QUEST_DES_70","The alien ships have been defeated, Commander. Rest easy. Let's get an arena victory to further boost morale."
"MAIN_QUEST_DES_71","The alien fleet has suddenly retreated, Commander. Let's seek them out and strike to gain what could be a valuable position."
"MAIN_QUEST_DES_72","Our next target: the unknown force commander."
"MAIN_QUEST_DES_73","This one's for our economy, Commander. Upgrade the Citadel to level 9."
"MAIN_QUEST_DES_74","Defeat the officer of the guard. How could such a desolate place have a Spaceport on it? Whatever. Defeat the officer here and lets move on."
"MAIN_QUEST_DES_75","It's surprising to see rebels here, to say the least. Defeat the commander of this guard, Commander."
"MAIN_QUEST_DES_76","Our failure has proven that we aren't strong enough, yet. Upgrade the Engineering Hub to increase our fleet power."
"MAIN_QUEST_DES_77","The Empire's intelligence agency has located the Apostle's stronghold. Our first task is to investigate and attack, if necessary. Attack anyone who poses a threat to us, Commander."
"MAIN_QUEST_DES_78","We've located a clue, Commander: there seems to be an unusual ship among their fleet. Attack and capture it, and let's find out what's going on here."
"MAIN_QUEST_DES_79","We're headed for the Empire's Science Academy, Commander. We won't be able to avoid combat, so let's enhance equipment 3 times in preparation."
"MAIN_QUEST_DES_80","Aliens have appeared, as expected, but it seems that they're calling themselves "The Sentry". Let's show them who we are."
"MAIN_QUEST_DES_81","Something is strange about these enemies, Commander. Don't let them escape."
"MAIN_QUEST_DES_82","These fights won't get easier, Commander. Let's take advantage of the Galactonite Center and see how we can put it to use."
"MAIN_QUEST_DES_83","An alien fleet has emerged within the orbit of the Science Academy. They are out for blood. Be careful, Commander."
"MAIN_QUEST_DES_84","We're gaining the edge, Commander. Deal the final blow!"
"MAIN_QUEST_DES_85","We need a stronger fleet, and Warp Energy will help. Collect some, Commander."
"MAIN_QUEST_DES_86","The enemy will never stop attacking, Commander. Let's proceed."
"MAIN_QUEST_DES_87","A bizarre adversary has emerged. We don't know who they are, but they're about to know who we are."
"MAIN_QUEST_DES_88","The imperial fleet suffers from low morale, Commander. They need a victory badly. Show them what victory means in the arena."
"MAIN_QUEST_DES_89","The leader of the Ronea Star District is within our grasp. Take him out!"
"MAIN_QUEST_DES_90","Only the destroyer commander remains. Show no mercy, friendly forces are depending on us."
"MAIN_QUEST_DES_91","The battle before fully proved the strong power of the enemy. Try every means to defeat the elite destroyer in Miliary Academy."
"MAIN_QUEST_DES_92","The enemy fleet attempt to destroy our planet. We mush handle an head-on attack to them! Tell them who has the final say! Kill their military governor!"
"MAIN_QUEST_DES_93","The enemy's flagship is exposed. Kill them off!"
"MAIN_QUEST_DES_94","The enemy retreated. And we should seize time to strengthen our economy. Upgrade Citadel to level 10."
"MAIN_QUEST_DES_95","The same as before, they want to attack our compatriots! We can't let them succeed. Kill the military governor!"
"MAIN_QUEST_DES_96","The military governor is dead. The next is their flagship!"
"MAIN_QUEST_DES_97","Good job! It's time to upgrade Research Lab to level 10."
"MAIN_QUEST_DES_98","The enemy must convoy something of value. Defeat their flagship and make certain what it is."
"MAIN_QUEST_DES_99","The rebel takes refuge with the alien indeed. Sink their flagship as soon as possible."
"MAIN_QUEST_DES_100","Should we win in the arena, the troop's morale would rise significantly. Go ahead and try!"
"MAIN_QUEST_DES_101","According to the information in our hand the combined fleet of the enemy and the alien are here. Defeat their advisor."
"MAIN_QUEST_DES_102","Strange enemy again. We can't treat them lightly before we make clear about their purpose. Defeat it!"
"MAIN_QUEST_DES_103","The alien strength has surfaced. We should keep on reinforcing our military power. Upgrade Engineering Hub to level 11."
"MAIN_QUEST_DES_104","The apostle launched attack to us. Kill their advisor!"
"MAIN_QUEST_DES_105","Next is their commander to tell them human are not the fault of good."
"MAIN_QUEST_DES_106","Compose Galactonite twice to see what's good in it."
"MAIN_QUEST_DES_107","It's time to return our homeland peace from the alien! Let's start from their Nullifier Warlord."
"MAIN_QUEST_DES_108","Until now we still know nothing about the alien but we need victory!"
"MAIN_QUEST_DES_109","We are stuck in the planet. Collect WARP energy twice and warp more fleet here."
"MAIN_QUEST_DES_110","The enemy launched new fleet which we call it Reaper as well as the rebel appearing. How they are actually friendly forces. Anyhow, the Reaper leader is our first target."
"MAIN_QUEST_DES_111","Kill the commander of Reaper."
"MAIN_QUEST_DES_112","The Lord Rasyon is not in the palace which is the reason that our economy has been cut off and fight alone until now. Disparch the affairs officer to ask for some resources and ask about some news."
"MAIN_QUEST_DES_113","The affairs officer came back with resources as usual. But the enemy near us means Raphael's control of the empire is not that strict as we image. Let's focus to kill their officer."
"MAIN_QUEST_DES_114","The fleet direct under Raphael is really with strong power. Seize time to defeat their commander. Maybe Raphael want to deliver some message to us."
"MAIN_QUEST_DES_115","Since we openly broke up with Raphael we need to reinforce our fleet power much more. Enhance the equipment 3 times."
"MAIN_QUEST_DES_116","Raphael, what a cunning guy, deployed the incomplete imperial fleet on the News Center. Now launch attack to the core of the sixth fleet -- Heavy Cruiser."
"MAIN_QUEST_DES_117","The flagship of the sixth fleet has lost their protection. Defeat if and reduce unnecessary damage."
"MAIN_QUEST_DES_118","The economy situation of the empire is not optimistic. We have to rely on ourselves. Upgrade Citadel to level 12."
"MAIN_QUEST_DES_119","Matthias is looking for the Divine Will and cannot be disturbed. We should give them a preemptive strike and defeat the legion guard."
"MAIN_QUEST_DES_120","Cassandra is the leader of the 9th aerocade team who owns excellent skiil and always challenge the senior pilot."
"MAIN_QUEST_DES_121","This lively girl seems unwilling to submit. Defeat her in conservatory."
"MAIN_QUEST_DES_122","The wrecked 13th fleet has been placed in the guard here. Defeat their leader."
"MAIN_QUEST_DES_123","Sophietia is the captain of the 13th fleet and the sister of Cassandra. She is skilled at combat support."
"MAIN_QUEST_DES_124","According to the battle before Cassandra didn't exert all her strength. Let's see how much ability she has inCONSERVATORY."
"MAIN_QUEST_DES_125","How could Raphael deploy the second fleet of the empire to attack us. Destroy their destroyer which are the core of their battle"
"MAIN_QUEST_DES_126","Du'doria is the officer of the empire.. But he doesn't have firm position and always follow the victory."
"MAIN_QUEST_DES_127","As Du'doria don't take any stand we can show them who is the real victor with our strength."
"MAIN_QUEST_DES_128","Matthias deployed his fleet to proceed a millitary exercise with us. It is said that Stargazer is very powerful. Defeat it. Don't make huame be shamed."
"MAIN_QUEST_DES_129","Matthias is one of those apostles who first follow Divine Will to galaxy. And he is seeking Divine Will with the rebel."
"MAIN_QUEST_DES_130","The battle data before is very useful. We need to improve more. Defeat elite Matthias."
"MAIN_QUEST_DES_131","Matthias looks for Divine Will here. He cannot be disturbed. We should give them a preemptive strike. Defeat the legion guard."
"MAIN_QUEST_DES_132","Matthias is still looking for it. Let's keep on attacking. Before that please upgrade Engineering Hub to 13."
"MAIN_QUEST_DES_133","We are going to launch large-scale attack to the WARP port. Before that please upgrade Engineering Hub to level 13."
"MAIN_QUEST_DES_134","Great! The defense here is weak. Defeat the Garrison Commander."
"MAIN_QUEST_DES_135","Richter is the battleship commander of the seventh fleet and he is a warmonger."
"MAIN_QUEST_DES_136","Richter joined us. But as usual we should show them our power. Defeat elite Richter."
"MAIN_QUEST_DES_137","Richter launched mighty fleet to wipe us out. It seems Divine Judge is the breakthrough."
"MAIN_QUEST_DES_138","Only one last obstacle left. Defeat it and we can excape from the dangerous condition. Defeat Divine Executors."
"MAIN_QUEST_DES_139","It's the difficult battles that reveal our weakness, Commander. Let's upgrade the Research Lab."
"MAIN_QUEST_DES_140","Raphael has made major strides toward increasing the strength of the forces under his command. Let's defeat the Repressor Captain."
"MAIN_QUEST_DES_141","Well done, Commander. Only the Repressor Captain remains."
"MAIN_QUEST_DES_142","Don't forget to keep improving the strength of our fleet, Commander. Compose Galactonite twice."
"MAIN_QUEST_DES_143","Raphael has attempted to pin us in. A win for us here is crucial. Defeat the Repressor Commander."
"MAIN_QUEST_DES_144","Batis is the 5th fleet captain, who believes in the power of authority above all else. She'll perform any duty asked of her, with no questions asked."
"MAIN_QUEST_DES_145","We're into a new stage of battle, Commander. We'll need better equipment for it. Enhance equipment 3 times."
"MAIN_QUEST_DES_146","Let's continue to put pressure on Raphael. Our current mission is to kill the Punisher Commander."
"MAIN_QUEST_DES_147","The only defensive force in Star District is Vorsehung - take him out!"
"MAIN_QUEST_DES_148","Raphael is even crazier than we thought - he's begun construction of the Death Star. Let's get in the arena and hone our skills, Commander."
"MAIN_QUEST_DES_149","Prevent Raphael from attacking with the Death Star by taking out the Strangler Captain, Commander."
"MAIN_QUEST_DES_150","It's too late, Commander, this star zone has been destroyed by the Death Star. We need to eliminate this threat before it's too late."
"MAIN_QUEST_DES_151","Upgrade the Citadel to solidify our economy."
"MAIN_QUEST_DES_152","In the name of his victims, eliminate the Strangler!"
"MAIN_QUEST_DES_153","The Death Star - take it out!"
"MAIN_QUEST_DES_154","Let's not waste any time upgrading the Engineering Hub. The existance of the Death Star presents a great threat to the entire galaxy."
"MAIN_QUEST_DES_155","We can't be safe existing in the same galaxy as the Death Star. Destroy it."
"MAIN_QUEST_DES_156","At last the commander of the Death Star becomes a target. Don't forget about all the innocent victims that lie in his wake, Commander."
"MAIN_QUEST_DES_157","Time's running out, upgrade the Tech Lab post-haste!"
"MAIN_QUEST_DES_158","The final battle looms ahead of us, Commander. Our target is the Arbiter Commander."
"MAIN_QUEST_DES_159","Well done, Commander. Press forward and let's go after their leader."
"MAIN_QUEST_DES_160","Galactonite really is a remarkable thing. Fuse Galactonite twice."
"MAIN_QUEST_DES_161","Raphael's end is in sight, but obstacles remain. Take out Divine Lord."
"MAIN_QUEST_DES_162","Raphael awaits, Commander. The end is near. All who value justice are hoping for our victory."
"MAIN_QUEST_DES_163","It's all about tactics from here, Commander. Take advantage of the Conservatory to defeat Raphael."
"MAIN_QUEST_DES_164","Defeat Shadow of Andrew"
"MAIN_QUEST_DES_165","Should we win in the arena, the troop's morale would rise significantly. Go ahead and try!"
"MAIN_QUEST_DES_166","Defeat Andrew"
"MAIN_QUEST_DES_167","Good job! It's time to upgrade Research Lab to level 16."
"MAIN_QUEST_DES_168","Defeat Shadow of Simon"
"MAIN_QUEST_DES_169","Compose Galactonite twice to see what's good in it."
"MAIN_QUEST_DES_170","Defeat Shadow of Simon"
"MAIN_QUEST_DES_171","This one's for our economy, Commander. Upgrade the Citadel to level 16."
"MAIN_QUEST_DES_172","Defeat Shadow of Simon"
"MAIN_QUEST_DES_173","We're into a new stage of battle, Commander. We'll need better equipment for it. Enhance equipment 3 times."
"MAIN_QUEST_DES_174","Defeat Shadow of Simon"
"MAIN_QUEST_DES_175","Should we win in the arena, the troop's morale would rise significantly. Go ahead and try!"
"MAIN_QUEST_DES_176","Defeat Shadow of Simon"
"MAIN_QUEST_DES_177","Compose Galactonite twice to see what's good in it."
"MAIN_QUEST_DES_178","Defeat Simon the Phantom"
"MAIN_QUEST_DES_179","Time to upgrade our Engineering Hub, Commander. The higher the level of our Engineering Hub, the stronger we can make our equipment."
"MAIN_QUEST_DES_180","Defeat Simon the Phantom"
"MAIN_QUEST_DES_181","Should we win in the arena, the troop's morale would rise significantly. Go ahead and try!"
"MAIN_QUEST_DES_182","Defeat Simon"
"MAIN_QUEST_DES_183","Good job! It's time to upgrade Research Lab to level 17."
"MAIN_QUEST_DES_184","Defeat Shadow of Thaddaeus"
"MAIN_QUEST_DES_185","Compose Galactonite twice to see what's good in it."
"MAIN_QUEST_DES_186","Defeat Thaddaeus"
"MAIN_QUEST_DES_187","This one's for our economy, Commander. Upgrade the Citadel to level 17."
"MAIN_QUEST_DES_188","Defeat Shadow of John"
"MAIN_QUEST_DES_189","We're into a new stage of battle, Commander. We'll need better equipment for it. Enhance equipment 3 times."
"MAIN_QUEST_DES_190","Defeat John"
"MAIN_QUEST_DES_191","Should we win in the arena, the troop's morale would rise significantly. Go ahead and try!"
"MAIN_QUEST_DES_192","Defeat Shadow of Apostle"
"MAIN_QUEST_DES_193","Compose Galactonite twice to see what's good in it."
"MAIN_QUEST_DES_194","Defeat Shadow of Apostle"
"MAIN_QUEST_DES_195","Time to upgrade our Engineering Hub, Commander. The higher the level of our Engineering Hub, the stronger we can make our equipment."
"MAIN_QUEST_DES_196","Defeat Shadow Power"
"MAIN_QUEST_DES_197","Should we win in the arena, the troop's morale would rise significantly. Go ahead and try!"
"MAIN_QUEST_DES_198","Defeat Shadow Power"
"MAIN_QUEST_DES_199","We need a stronger fleet, and Warp Energy will help. Collect some, Commander."
"MAIN_QUEST_DES_200","Defeat Simon's Illusion"
"MAIN_QUEST_DES_201","Compose Galactonite twice to see what's good in it."
"MAIN_QUEST_DES_202","Defeat Simon's Illusion"
"MAIN_QUEST_DES_203","This one's for our economy, Commander. Upgrade the Citadel to level 18."
"MAIN_QUEST_DES_204","Defeat Simon's Illusion"
"MAIN_QUEST_DES_205","We're into a new stage of battle, Commander. We'll need better equipment for it. Enhance equipment 3 times."
"MAIN_QUEST_DES_206","Defeat Simon's Illusion"
"MAIN_QUEST_DES_207","Should we win in the arena, the troop's morale would rise significantly. Go ahead and try!"
"MAIN_QUEST_DES_208","Defeat Simon's Illusion"
"MAIN_QUEST_DES_209","Compose Galactonite twice to see what's good in it."
"MAIN_QUEST_DES_210","Defeat Jacob"
"MAIN_QUEST_DES_211","Time to upgrade our Engineering Hub, Commander. The higher the level of our Engineering Hub, the stronger we can make our equipment."
"MAIN_QUEST_DES_212","Defeat Simon's Illusion"
"MAIN_QUEST_DES_213","Should we win in the arena, the troop's morale would rise significantly. Go ahead and try!"
"MAIN_QUEST_DES_214","Defeat Andrew"
"MAIN_QUEST_DES_215","Good job! It's time to upgrade Research Lab to level 18."
"MAIN_QUEST_DES_216","Defeat Shadow Power"
"MAIN_QUEST_DES_217","Compose Galactonite twice to see what's good in it."
"MAIN_QUEST_DES_218","Defeat Bartholomew"
"MAIN_QUEST_DES_219","We need a stronger fleet, and Warp Energy will help. Collect some, Commander."
"MAIN_QUEST_DES_220","Defeat Distortion Will"
"MAIN_QUEST_DES_221","We're into a new stage of battle, Commander. We'll need better equipment for it. Enhance equipment 3 times."
"MAIN_QUEST_DES_222","Defeat Shadow Will"
"MAIN_QUEST_DES_223","Should we win in the arena, the troop's morale would rise significantly. Go ahead and try!"
"MAIN_QUEST_DES_224","Defeat Vague Thought"
"MAIN_QUEST_DES_225","Compose Galactonite twice to see what's good in it."
"MAIN_QUEST_DES_226","Defeat Vague Reality"
