"NPC_M","WAC-22"
"NPC_F","WAC-22"
"NPC_MISTERY","Unknown Sound"
"NPC_1","Hopkins"
"NPC_2","Lyon"
"NPC_3","Duomilian"
"NPC_4","Richter"
"NPC_5","Raphael"
"NPC_6","Sylver"
"NPC_7","Assar"
"NPC_8","Gonzalo"
"NPC_9","Duyal"
"NPC_10","Lattice"
"NPC_11","O'Neil"
"NPC_12","Raikkonen"
"NPC_13","Damon"
"NPC_14","Divine Will"
"NPC_15","Shadow Will"
"NPC_16","Jacob"
"NPC_17","John"
"NPC_18","Peter"
"NPC_19","Andre"
"NPC_20","Philip"
"NPC_21","Bartholomew"
"NPC_22","Thomas"
"NPC_23","Thaddaeus"
"NPC_24","Matthew"
"NPC_25","Jacob"
"NPC_26","Matthias"
"NPC_27","Judas Iscariot"
"NPC_28","Simon"
"NPC_29","Pirate Boss"
"NPC_30","Scarlet"
"NPC_31","Chuyamer"
"NPC_32","Rasyon"
"NPC_33","Arad"
"NPC_34","Batis"
"NPC_35","Emma"
"NPC_36","Du'doria"
"NPC_37","Cassandra"
"NPC_38","Sophietia"
"NPC_39","Imperial Soldier"
"NPC_40","Imperial Officer"
"NPC_41","Rebel Officer"
"NPC_42","Rebel Soldier"
"NPC_43","Space Pirates"
"NPC_44","Pirate Officer"
"NPC_45","Fred"
"NPC_46","Rebel Mayor"
"NPC_47","Rebel Commander"
"NPC_48","Guard Lieutenant"
"NPC_49","Guard Commander"
"NPC_50","Rebel Guard"
"NPC_51","? ? ?"
"NPC_52","Resistance Soldier"
"NPC_53","Dexter"
"NPC_54","Glaus"
"NPC_120","Volkof"
"NPC_1007010","The commander of the fifth fleet"
"NPC_7203","Shadow of Simon"
"NPC_7407","Simon the Phantom"
"NPC_7603","Shadow of Thaddaeus"
"NPC_7802","Shadow of Bartholomew"
"NPC_5130","Empire Ranger"
"NPC_51250","Rebel Striker"
"TUTORIAL_FORCE_1","Rebel Skirmish"
"TUTORIAL_FORCE_2","Unknown Force"
"TUTORIAL_FORCE_3","Imperial Fleet"
"DES_M","The auxiliary command robot, called Adjutant."
"DES_F","The auxiliary command robot, called Adjutant."
"DES_MISTERY","Mysterious man with unknown affiliation."
"NPC_118","Magellan"
"DES_1","Hopkins is the most well-known commander in the galaxy. He has a reputation for being highly skilled."
"DES_2","Lyon is the Guard member of Lawsry Star District. Skilled at defensive strategy in particular."
"DES_3","Duomilian, a follower of Hopkins, is a gentle young noble. Familiar with a wide range of strategies and doesn't have any obvious weaknesses."
"DES_4","Richter, a warmonger, is commander of the Seventh Imperial Fleet. An aggressive and uncompromising commander."
"DES_5","Raphael could be considered the real ruler of the galaxy empire."
"DES_6","Sylver is a talkative member of the Lawsry Star District Guard. She hasn't reached mastery in any discipline yet."
"DES_7","Assar is the senior officer of "Son of Cara", previously mistaken to be a rebel. Particularly skilled at defense."
"DES_8","Gonzalo is the senior officer of "Son of Cara" - skilled at battleship command."
"DES_9","Duyal has a mysterious background but is known to be particularly skilled at attack."
"DES_10","Lattice is the commander from "Son of Cara" who is good at utilizing complex strategy. Not known for his leadership skills in particular."
"DES_11","O'Neil is the commander from "Son of Cara" who favors unexpected attacks. Not known for his leadership skills in particular."
"DES_12","Raikkonen is a leading pilot of the "Sons of Cara". He favors unexpected attacks and has powerful critical strikes."
"DES_13","Damon is a commander from "Son of Cara". Has a noble background and a calm and collected disposition."
"DES_14","Divine Will is the highest will of the apostle who has mastered a broad range of skills, but he has a track record marred with defeat."
"DES_15","Shadow Will is the counterpart of Divine Will. His motives are questionable, to say the least."
"DES_16","Jacob is an apostle full of curiousity and tolerance, always open to new things. Average in all disciplines, though."
"DES_17","John is a mild commander who is not satisfied with the behavior of Will of Shadow and is thus willing to join us."
"DES_18","Peter is one of the Three Pillars of Divine Will's Apostles. He became the temporary leader of the apostles after they lost contact with Divine Will, but he began to follow the Shadow of Divine after the Divine Will departed. He thinks that Shadow of Will is the real source of power. He is firm, persistent, and callous in battle. Particularly skilled at offensive strikes."
"DES_19","Andrew has been following Shadow of Will since Divine Will departed and considers Shadow of Will to be the real source of power. Known for his strength, he's called the "Sage Guard" by certain circles."
"DES_20","Philip, an assistant commander, is one of Divine Will's Apostles. Due to Divine WIll's principle of subscribing to a firm code of ethics, he chose to follow Shadow of Will after Divine Will departed."
"DES_21","Bartholomew is the apostle distorted by Shadow of Will."
"DES_22","Thomas is one of Divine Will's Apostles who is loyal to Divine Will and only believes what he sees with his own eyes. He treats the departed Divine Will as the real source of power."
"DES_23","Thaddaeus is the apostle who came to this galaxy after Divine Will departed. He followed in Shadow of Will's footsteps to attack humans at first, but later grew dissatisfied and joined us. Particularly skilled at attack."
"DES_24","Matthew is the apostle who came to this galaxy after Divine Will departed. He followed in Shadow of Will's footsteps to attack humans at first, but later grew dissatisfied and joined us. Particularly skilled at attack."
"DES_25","Jacob is the apostle who came to this galaxy after Divine Will departed. He followed in the footsteps of Shadow of Will to attack humans at first, but later grew discontent and joined the alliance. He is particularly skilled at attacking."
"DES_26","Matthias is an apostle who has long been around the galaxy, having searched for Divine Will and the "Son of Cara" long ago. Particularly skilled at defense."
"DES_27","Judas is one of Divine Will's apostles who came to this galaxy with Matthias long ago. Due to his actions, Divine Will was captured. Particularly skilled at defense."
"DES_28","Simon, known to some as "Simon the Zealot", is skilled at offensive attacks."
"DES_29","Pirate Leader"
"DES_30","Scarlet is a commander in the imperial fleet, who lead militia to fight against apostles after they appeared."
"DES_31","Chuyamar is a commander in the Imperial Fleet. He leads militia to fight against the apostles after their appearance."
"DES_32","Rayson is known to some as the true ruler of the galatic empire."
"DES_33","Arad is the leader of the 9th imperial fleet, known for rapid strikes and excellent flight skills."
"DES_34","Batis is a captain in the fifth fleet who believes in discipline above all else. He will perform tasks given to him without hesitation."
"DES_35","Emma is an imperial soldier known for her erratic behavior and tenacious character. Known for sudden attacks, too."
"DES_36","Du'doria is an officer of the empire, but his position is yet to be established."
"DES_37","Cassandra is a leader of the 9th Aerocade team who possesses a strong spirit, willing and able to challenge superiors."
"DES_38","Sophietia, older sister of Cassandra, specializes in support operations."
"DES_39","Imperial Soldier"
"DES_40","Imperial Officer"
"DES_41","Rebel Officer"
"DES_42","Rebel Soldier"
"DES_43","Universal Pirate "
"DES_44","Universal Pirate Officer"
"DES_45","Greenspan"
"DES_46","Rebel Major"
"DES_47","Rebel Commander"
"DES_48","Guard Ensign"
"DES_49","Guard Commander"
"DES_50","Rebel Guard"
"NPC_119","Izolda"
"NPC_121","Flynn"
"NPC_122","Alkharaz"
"NPC_123","Zaffrey"
"NPC_124","Gambit"
"NPC_125","Elsa"
"NPC_126","Khala"
"NPC_127","Pele-Bot"
"NPC_128","Lance"
"NPC_129","Kit"
"NPC_130","Ar'turis"
"NPC_131","Kraing"
"NPC_132","Carter"
"NPC_133","Queen Emma"
"NPC_134","Opal"
"NPC_135"," "
"NPC_136","Celeste"
"NPC_137","Razz"
"NPC_138","Kilian"
"NPC_139","Zooey"
"NPC_140","Violette"
"NPC_141","Cabal"
"NPC_142","Darrien"
"NPC_143","Akhenaton"
"NPC_144","Vela'rath"
"NPC_145","Trickster"
"NPC_146","Brom Bones"
"NPC_147","Hunter"
"NPC_148","Dingo"
"NPC_149","Katiya Storm"
"NPC_150","Frost Jr."
"NPC_151","St. Nick"
"NPC_153","Acc'tan"
"NPC_154","Vladimir"
"NPC_155","Dark Asgard"
"NPC_156","Dark Ar'turis"
"NPC_157","Dark Carter"
"NPC_158","Dark Gambit"
"NPC_159","Dark Celeste"
"NPC_160","Dark Razz"
"NPC_161","Dark Vela'rath"
"NPC_162","Dark Zooey"
"NPC_163","Annica"
"NPC_164","Jackie"
"NPC_165","Hartmann"
"NPC_166","Boris"
"NPC_167","Valerie"
"NPC_168","Thantos"
"NPC_169","Vitos"
"NPC_170","Aquos"
"NPC_171","Cryptor"
"NPC_172","Aethos"
"NPC_173","Incendos"
"NPC_174","Zach"
"NPC_175","Penelope"
"NPC_176","Lily"
"NPC_177","Vulturine"
"NPC_178","Lazarus"
"NPC_179","Daleks"
"NPC_180","Goodman"
"NPC_181","Quasimodo"
"NPC_182","Shamen Queen"
"NPC_183","Moracle"
"NPC_184","Mileena"
"NPC_185","Geoffrey"
"NPC_186","Maximilian"
"NPC_187","Warden"
"NPC_188","Phoebe"
"NPC_189","Kerom"
"NPC_190","Krill "
"NPC_191","Dark Darrien"
"NPC_193","Dark Boris"
"NPC_194","Dark Hartmann"
"NPC_195","Dark Lazarus"
"NPC_196","Dark Shamen Queen"
"NPC_197","Roxy"
"NPC_198","Lertz"
"NPC_199","Okto"
"NPC_200","Alfred"
"NPC_215","Murphy"
"NPC_301","Maggie"
"NPC_302","Raizer"
"NPC_306","Armoray"
"NPC_307","Tyke"
"NPC_308","Seagal"
"NPC_309","Sirenne"
"NPC_311","Stratus"
"NPC_312","Retrobot"
"NPC_313","Lyle"
"NPC_314","Paccar"
"NPC_315","Sally"
"NPC_317","Dark Maximilian"
"NPC_318","Dark Phoebe"
"NPC_319","Dark Kerom"
"NPC_320","Dor"
"NPC_321","Fearsome Devil"
"NPC_322","Dark Seagal"
"NPC_323","Dark Tyke"
"NPC_324","Joya"
"NPC_326","Ivan"
"NPC_333","Dark Moracle"
"NPC_332","Sky Mightlis"
"NPC_329","Anatoli"
"NPC_335","Ursa"
"NPC_342","Azrael"
"NPC_338","Rock"
"NPC_336","Dark Raizer"
"NPC_900","Void guard"
"NPC_901","Void Lord"
"NPC_A1","Mennonite"
"NPC_A2","Sylphian"
"NPC_A3","Vaterian"
"NPC_A4","Sara Mande Proffer"
"NPC_A5","Gaean Footman"
"NPC_347","Star Lord"
"NPC_344","Dark Penelope"
"NPC_330","Bard"
"NPC_334","Raksha"
"NPC_351","Dark Flagship"
"NPC_New","Flagship"
