"QUEST_INFO_AFFAIRS","Complete the following tasks to ensure the steady growth of our economy."
"QUEST_INFO_FLEETS","Complete the following tasks to enhance the power of our fleet."
"QUEST_INFO_EXP","Complete the following tasks to receive additional experience."
"QUEST_INFO_FUNCTION","Complete the following tasks to receive additional prestige."
"QUEST_INFO_ALLIANCE","Complete the following tasks to receive additional materials."
"SUB_QUEST_10001","Collect"
"SUB_QUEST_10002","Dispatch Diplomats"
"SUB_QUEST_10003","Mine Veins"
"SUB_QUEST_10004","Collect Arena Reward"
"SUB_QUEST_10005","Celestial Portal Raffle"
"SUB_QUEST_10006","Compose Galactonite."
"SUB_QUEST_10007","Enhance Equipment"
"SUB_QUEST_10008","Snatch mining ship"
"SUB_QUEST_10009","Elite Challenge"
"SUB_QUEST_10010","Primary Battle"
"SUB_QUEST_10011","Join an Arena Battle"
"SUB_QUEST_10012","Colonial Interactive"
"SUB_QUEST_10013","Alliance Donate"
"SUB_QUEST_10014","Cosmic Expedition"
"SUB_QUEST_10015","Use the Alliance Channel "
"SUB_QUEST_10016","Upgrade Tech"
"SUB_QUEST_100110","Cleanout Pirate Bases"
"MAIN_QUEST_TITLE","Pri-Mission"
"MAIN_QUEST_ACCEPT","CONFIRM"
"MAIN_QUEST_CLAIM","COMPLETE"
"MAIN_QUEST_1","Restore Citadel"
"MAIN_QUEST_2","Defeat the Scout Captain"
"MAIN_QUEST_3","Defeat the Pirate Flagship"
"MAIN_QUEST_4","Rebuild the Engineer Hub"
"MAIN_QUEST_5","Enhance Equipment"
"MAIN_QUEST_6","Defeat the Patrol Commander"
"MAIN_QUEST_7","Defeat Duyal"
"MAIN_QUEST_8","Join an Arena Battle"
"MAIN_QUEST_9","Defeat the Patrol Flagship"
"MAIN_QUEST_10","Build a Construction Yard"
"EX_MAIN_QUEST_10","Enhance Equipment"
"MAIN_QUEST_11","Destroy the Expedition Force"
"MAIN_QUEST_12","Construct the Celestial Portal"
"MAIN_QUEST_13","Recruit Lyon"
"MAIN_QUEST_14","Rebuild the Conservatory"
"MAIN_QUEST_15","Destroy the Rebel Majoy"
"MAIN_QUEST_16","Construct a Diplomacy Center"
"EX_MAIN_QUEST_16","Dispatch Diplomats"
"MAIN_QUEST_17","Destroy the Commander"
"MAIN_QUEST_18","Construct a Research Lab"
"MAIN_QUEST_19","Destroy the 2nd Lieutenant"
"MAIN_QUEST_20","Destroy the Task Force"
"MAIN_QUEST_21","Upgrade the Citadel to Lv.5. "
"MAIN_QUEST_22","Defeat the RaiderCommander"
"MAIN_QUEST_23","Defeat O'Neil"
"MAIN_QUEST_24","Upgrade the Research Lab"
"MAIN_QUEST_25","Defeat the 5th Fleet Officer"
"MAIN_QUEST_26","Defeat the 5th Fleet"
"MAIN_QUEST_27","Rebuild the GalactoniteCenter"
"MAIN_QUEST_28","Attempt Galactonite Fusion"
"MAIN_QUEST_29","Destroy the Primary Forces"
"MAIN_QUEST_30","Defeat Damon"
"MAIN_QUEST_31","Upgrade Engineer Hub Lv. 6. "
"MAIN_QUEST_32","Defeat the Guard Leader"
"MAIN_QUEST_33","Defeat the Guard Commander"
"MAIN_QUEST_34","Join an Arena Battle"
"MAIN_QUEST_35","Defeat Garrison Commanders"
"MAIN_QUEST_36","Defeat Gonzalo."
"MAIN_QUEST_37","Dispatch Diplomats"
"MAIN_QUEST_38","Defeat the Relay Commander."
"MAIN_QUEST_39","Defeat the Unknown Flagship"
"MAIN_QUEST_40","Upgrade Citadel to Lv.7. "
"MAIN_QUEST_41","Defeat the Retreated Captain"
"MAIN_QUEST_42","Defeat the Retreated Rebels"
"MAIN_QUEST_43","Upgrade Engineering Hub"
"MAIN_QUEST_44","Defeat a Guard Leader"
"MAIN_QUEST_45","Defeat Raikkonen"
"MAIN_QUEST_46","Upgrade your Research Lab"
"MAIN_QUEST_47","Defeat the 18th Fleet Officer"
"MAIN_QUEST_48","Defeat Lattice."
"MAIN_QUEST_49","Defeat Elite Lattice"
"MAIN_QUEST_50","Defeat Unknown Captain"
"MAIN_QUEST_51","Defeat Unknown Force "
"MAIN_QUEST_52","Join an Arena Battle"
"MAIN_QUEST_53","Defeat Cara's Command Ship"
"MAIN_QUEST_54","Defeat Assar"
"MAIN_QUEST_55","Defeat Elite Assar"
"MAIN_QUEST_56","Defeat Mysterious Captain"
"MAIN_QUEST_57","Defeat Mystery Commander"
"MAIN_QUEST_58","Join an Arena Battle"
"MAIN_QUEST_59","Defeat the Special Formation"
"MAIN_QUEST_60","Defeat Mystery Commander"
"MAIN_QUEST_61","Upgrade your Citadel to Lv.9. "
"MAIN_QUEST_62","Defeat a Garrison Fleet Officer"
"MAIN_QUEST_63","Defeat Mystery Garrison Fleet"
"MAIN_QUEST_64","Upgrade Engineering Hub"
"MAIN_QUEST_65","Defeat Defender Commander"
"MAIN_QUEST_66","Defeat Extraterrestrial"
"MAIN_QUEST_67","Enhance equipment 3 times."
"MAIN_QUEST_68","Defeat a Sentinel  Leader"
"MAIN_QUEST_69","Defeat ? ? ?"
"MAIN_QUEST_70","Compose Galactonite twice"
"MAIN_QUEST_71","Defeat Punisher Commander"
"MAIN_QUEST_72","Defeat ? ? ?"
"MAIN_QUEST_73","Enhance equipment 3 times"
"MAIN_QUEST_74","Defeat Brutal Punisher Leader"
"MAIN_QUEST_75","Defeat ? ? ?"
"MAIN_QUEST_76","Join an Arena Battle"
"MAIN_QUEST_77","Defeat Destroyer Captain"
"MAIN_QUEST_78","Defeat Destroyer Commander"
"MAIN_QUEST_79","Defeat Elite Destroyer"
"MAIN_QUEST_80","Defeat Vanquisher Warlord"
"MAIN_QUEST_81","Defeat Vanquisher Flagship"
"MAIN_QUEST_82","Upgrade your Citadel to Lv.10. "
"MAIN_QUEST_83","Defeat Censor Warlord"
"MAIN_QUEST_84","Defeat Censor Flagship"
"MAIN_QUEST_85","Upgrade your Research Lab"
"MAIN_QUEST_86","Defeat Apostle Flagship"
"MAIN_QUEST_87","Defeat Mixed Fleets Flagship"
"MAIN_QUEST_88","Join an Arena Battle"
"MAIN_QUEST_89","Defeat the Staff Officer "
"MAIN_QUEST_90","Defeat ? ? ?"
"MAIN_QUEST_91","Upgrade Engineering Hub"
"MAIN_QUEST_92","Defeat Apostles Staff Officer"
"MAIN_QUEST_93","Defeat Apostles Commander"
"MAIN_QUEST_94","Compose Galactonite twice"
"MAIN_QUEST_95","Defeat Nullifier Warlord"
"MAIN_QUEST_96","Defeat ? ? ?"
"MAIN_QUEST_97","Enhance equipment 3 times"
"MAIN_QUEST_98","Defeat Reaper Captain"
"MAIN_QUEST_99","Defeat Reaper Commander"
"MAIN_QUEST_100","Dispatch Diplomats"
"MAIN_QUEST_101","Defeat Wicked Flame Officer"
"MAIN_QUEST_102","Defeat the Wicked Flame"
"MAIN_QUEST_103","Enhance equipment 3 times"
"MAIN_QUEST_104","Defeat the Heavy Cruiser"
"MAIN_QUEST_105","Defeat the 6th Fleet Flagship"
"MAIN_QUEST_106","Upgrade your Citadel to Lv. 12. "
"MAIN_QUEST_107","Defeat the Lieutenant"
"MAIN_QUEST_108","Defeat Cassandra"
"MAIN_QUEST_109","Defeat Elite Cassandra"
"MAIN_QUEST_110","Defeat the Garrison Chief"
"MAIN_QUEST_111","Defeat Sophitia."
"MAIN_QUEST_112","Defeat Elite Sophietia"
"MAIN_QUEST_113","Defeat 2nd Fleet Destroyer"
"MAIN_QUEST_114","Defeat Du'doria"
"MAIN_QUEST_115","Defeat Elite Du'doria"
"MAIN_QUEST_116","Defeat Stargazer"
"MAIN_QUEST_117","Defeat Matthias"
"MAIN_QUEST_118","Defeat Elite Matthias"
"MAIN_QUEST_119","Defeat Army Protector"
"MAIN_QUEST_120","Defeat Army Guard Flagship"
"MAIN_QUEST_121","Upgrade Engineering Hub"
"MAIN_QUEST_122","Defeat Garrison Commander"
"MAIN_QUEST_123","Defeat Richter"
"MAIN_QUEST_124","Defeat Elite Richter"
"MAIN_QUEST_125","Defeat Divine Judge"
"MAIN_QUEST_126","Defeat Divine Executors"
"MAIN_QUEST_127","Upgrade Research Lab"
"MAIN_QUEST_128","Defeat Repressor Captain "
"MAIN_QUEST_129","Defeat Repressor Captain "
"MAIN_QUEST_130","Compose Galaconite twice."
"MAIN_QUEST_131","Defeat Repressor Commander"
"MAIN_QUEST_132","Defeat Batis"
"MAIN_QUEST_133","Enhance equipment 3 times"
"MAIN_QUEST_134","Dedeat Punisher Commander"
"MAIN_QUEST_135","Defeat Divine Censure"
"MAIN_QUEST_136","Join an Arena Battle"
"MAIN_QUEST_137","Defeat Strangler Captain "
"MAIN_QUEST_138","Defeat Sword of Death Star"
"MAIN_QUEST_139","Upgrade your Citadel to Lv.14. "
"MAIN_QUEST_140","Defeat Strangler Major"
"MAIN_QUEST_141","Defeat Sword of Death Star"
"MAIN_QUEST_142","Upgrade Engineering Hub"
"MAIN_QUEST_143","Defeat Sword of Death Star"
"MAIN_QUEST_144","Defeat DeathStar Commander"
"MAIN_QUEST_145","Upgrade your Research Lab"
"MAIN_QUEST_146","Defeat Arbiter Commander"
"MAIN_QUEST_147","Defeat Hopkins"
"MAIN_QUEST_148","Compose Galaconite 2 twice"
"MAIN_QUEST_149","Defeat Divine Lord"
"MAIN_QUEST_150","Defeat Raphael"
"MAIN_QUEST_151","Defeat Elite Raphael"
"MAIN_QUEST_DES_1","The Citadel is the economic center of our planet. The higher its level, the more Cubits we can collect. "
"MAIN_QUEST_DES_2","Our defense network has found signs of pirates within our planets vicinity - lets wipe them out."
"MAIN_QUEST_DES_3","Although we've defeated the pirate scouts, their main force remains. Lets make them regret their decision to mess with us, Commander."
"MAIN_QUEST_DES_4","These fights aren't going to get any easier, Commander. We need a stronger fleet, which the Engineering Hub can provide. Lets get it back online as soon as possible."
"MAIN_QUEST_DES_5","The most straight forward path to improving fleet strength is to enhance your equipment. Making sure that your Commander level equals your equipment level helps, too."
"MAIN_QUEST_DES_6","We need to lock down the Star District and ensure its safety. Attack the pirate stronghold and take out their patrol units."
"MAIN_QUEST_DES_7","Duyal: The leader of nearby pirates. Other details unknown. Rumours indicate that he used to be commander of the fleet directly affiliated with the Emperor."
"MAIN_QUEST_DES_8","Duyal knows who we are, but not what we're capable of. Let's give him a taste of our true strength."
"MAIN_QUEST_DES_9","Commander, we're taking major steps to improve our security but there are still Rebel forces around the Star District. We must find their patrol flagship and destroy it!"
"MAIN_QUEST_DES_10","This battle presents a major threat to our safety and security. Making sure that our fleet emerges with more than 50% of its strength will be crucial, but fortunately for us, the Construction Yard can help with that."
"EX_MAIN_QUEST_DES_10","The most straight forward path to improving fleet strength is to enhance your equipment. Making sure that your Commander level equals your equipment level helps, too."
"MAIN_QUEST_DES_11","The rebel patrol has been destroyed, and the flagship is vulnerable. Let's strike!"
"MAIN_QUEST_DES_12","Construct the Celestial Portal to unlock and recruit more powerful ships, Commander."
"MAIN_QUEST_DES_13","Well acquainted with Sylver, Lyon is the former commander of Lawsry District, who left the Star District after retiring."
"MAIN_QUEST_DES_14","We have a lot to learn in the Conservatory, including valuable information on weapon development. Let's get it back online."
"MAIN_QUEST_DES_15","The remaining fleet is retreating, Commander. Perhaps we can find some clues as to what happened - let's start with their leader."
"MAIN_QUEST_DES_16","The Empire has suddenly cut out their supply rations, but Greenspan can help. Let's construct a Diplomacy Center."
"EX_MAIN_QUEST_DES_16","Commander, we'll need a steady supply of resources if we want to keep Star District safe and active. Let's have our Diplomats get on this."
"MAIN_QUEST_DES_17","Unfortunately, we weren't able to find any useful information from the rebel mayor. Defeat the rebel commander as soon as possible."
"MAIN_QUEST_DES_18","Improving fleet power is all about research, Commander. It's time for us to build a Research Lab."
"MAIN_QUEST_DES_19","The battle to reclaim the 7th Spaceport begins here. The first step is to destroy the rebel guard fleet."
"MAIN_QUEST_DES_20","We can move onto the second stage of recapturing the battlefield after the rebel guard fleet has been taken care of."
"MAIN_QUEST_DES_21","As battle progresses, the financial gap between us and our adversaries grows wider. Let's upgrade our Citadel to bolster our economy."
"MAIN_QUEST_DES_22","Rebels have taken control of the 7th Spaceport. We need to destroy them if we want to recapture the Spaceport, and that'll require sinking their commander."
"MAIN_QUEST_DES_23","O'Neal is said to be among the most skilled rebel commanders out there. Let's find out if what they've told is true. And then defeat him."
"MAIN_QUEST_DES_24","Our strength is derived from our research and development. Let's upgrade the Research Lab to increase our research capacity."
"MAIN_QUEST_DES_25","We've entered the zone controlled by rebels. No choice but to go forward and fight, Commander. Defeat the commander of the rebel's 5th fleet."
"MAIN_QUEST_DES_26","Congratulations, victory is in sight! Defeat the rebel's 5th fleet commander."
"MAIN_QUEST_DES_27","Good news, Commander: our Galactonite Center is ready. Our fleet strength stands to make great gains."
"MAIN_QUEST_DES_28","Our Galactonite Center has recovered and is fully functional. Let's see what we can gain from it."
"MAIN_QUEST_DES_29","The Empire will no longer support us - we're on our own. We stand to gain an edge if we destroy the core of the rebel's 5th fleet now, though."
"MAIN_QUEST_DES_30","Damon is a well known rebel general. It's said that his demeanor is that of a white knight though, so no one really knows why he's fighting for the rebels."
"MAIN_QUEST_DES_31","Time to upgrade our Engineering Hub, Commander. The higher the level of our Engineering Hub, the stronger we can make our equipment."
"MAIN_QUEST_DES_32","This arsenal is currently protected by a small rebel guard which shouldn't present too much of a challenge for us. Let's take them out."
"MAIN_QUEST_DES_33","Defeat the guard commander to take over the arsenal that he's defending."
"MAIN_QUEST_DES_34","To ensure that we maintain our combat chops, we should participate in Arena battles: Not just to make sure that our skills stay sharp, but also to collect the spoils of war that are waiting for us, Commander."
"MAIN_QUEST_DES_35","The enemy surrounding the arsenal has been defeated. Let's keep the pressure on and defeat the guard commander to take control as soon as possible, Commander."
"MAIN_QUEST_DES_36","Gonzalo is a Senior rebel General, famous for his unshakeable will and faith."
"MAIN_QUEST_DES_37","Commander, we'll need a steady supply of resources if we want to keep Star District safe and active. Let's have our Diplomats get on this."
"MAIN_QUEST_DES_38","An unknown force has attacked the imperial military parade and caused major damage. Let's strike back immediately and without mercy."
"MAIN_QUEST_DES_39","Our allies have been attacked and struck down in cold blood. We need to find out who did it and strike back."
"MAIN_QUEST_DES_40","That attack hurt badly. Don't forget to upgrade the Citadel to keep our economy strong."
"MAIN_QUEST_DES_41","Rebels have killed our allies and people of the empire. They'll pay for what they've done."
"MAIN_QUEST_DES_42","We cannot allow the rebel commander to get away."
"MAIN_QUEST_DES_43","If we're going to take revenge, we'll need to improve our military strength. Let's upgrade the Engineering Hub, Commander."
"MAIN_QUEST_DES_44","We'll break down the rebel defense before taking out their leader, Commander. Let's locate and take him out."
"MAIN_QUEST_DES_45","Well done, Commander. Our next target is Raikkonen."
"MAIN_QUEST_DES_46","Our plans are proceeding without incident so far. Upgrade the Research Lab to ensure that we increase our combat capacity, Commander."
"MAIN_QUEST_DES_47","The enemy that we currently face is the rebel's 18th fleet. First, let's take out the 18th fleet commander."
"MAIN_QUEST_DES_48","Lattice is a rebel senior military officer who possesses undying concern for troops under his command. He's also known to be as temperamental as he is protective."
"MAIN_QUEST_DES_49","Although Lattice has joined our fleet, he remains unconvinced. Commander, let's challenge him in the Conservatory to make sure we get him on our side."
"MAIN_QUEST_DES_50","An unknown fleet has attacked us, Commander. It seems that they're shooting to kill. Take out their leader and find a way to escape."
"MAIN_QUEST_DES_51","The commander of the unknown force is the last thing standing in our way. Take him out!"
"MAIN_QUEST_DES_52","A win in the galaxy arena will surely give everyone a taste of our true strength, Commander."
"MAIN_QUEST_DES_53","The rebel fleet is undoubtedly strong, Commander. In their own words, they call it a "Carat Mixed Fleet". Whatever they call it, let's destroy it."
"MAIN_QUEST_DES_54","Assar is the leader of the rebel group known as "Son of Kara". He looks as though he means well, but we have our doubts, Commander."
"MAIN_QUEST_DES_55","Although we've taken out Assar, it's imperative that we identify and eliminate our own combat weaknesses. Defeat Elite Assar."
"MAIN_QUEST_DES_56","Too many unknown adversaries make combat difficult. If we want to protect our people, we need to attack and defeat the head of the unknown forces that oppose us."
"MAIN_QUEST_DES_57","This fleet doesn't seem to be under human control. The same rules apply though, Commander: locate their commander and take him out."
"MAIN_QUEST_DES_58","Rest easy, Commander. Alien ships have been defeated. Now it's time for an arena victory to further boost morale."
"MAIN_QUEST_DES_59","The alien fleet has suddenly retreated, Commander. Let's find them and strike to gain what could be a valuable position."
"MAIN_QUEST_DES_60","Our next target: the unknown force commander."
"MAIN_QUEST_DES_61","This one's for our economy, Commander. Upgrade the Citadel to level 9."
"MAIN_QUEST_DES_62","Defeat the officer of the guard. How could such a desolate place have a Spaceport? Whatever. Defeat the officer here and lets move on."
"MAIN_QUEST_DES_63","It's surprising to see rebels here, to say the least. Defeat the commander of this guard, Commander."
"MAIN_QUEST_DES_64","Our failure has proven that we aren't strong enough, yet. Upgrade the Engineering Hub to increase our fleet power."
"MAIN_QUEST_DES_65","The Empire's intelligence agency has located the Apostle's stronghold. Our first task is to investigate and attack, if necessary. Attack anyone who poses a threat to us, Commander."
"MAIN_QUEST_DES_66","Commander, we found a clue: there seems to be an unusual ship among their fleet. Attack and capture it, and let's find out what's going on here."
"MAIN_QUEST_DES_67","We're headed for the Empire's Science Academy, Commander. We won't be able to avoid combat, so let's enhance equipment 3 times in preparation."
"MAIN_QUEST_DES_68","Aliens have appeared, as expected, but it seems that they're calling themselves "The Sentry". Let's show them who we are."
"MAIN_QUEST_DES_69","Something is strange about these enemies, Commander. Don't let them escape."
"MAIN_QUEST_DES_70","These fights won't get easier, Commander. Let's take advantage of the Galactonite Center and see how we can put it to use."
"MAIN_QUEST_DES_71","An alien fleet has emerged within the orbit of the Science Academy. They are out for blood. Be careful, Commander."
"MAIN_QUEST_DES_72","We're gaining the edge, Commander. Deal the final blow!"
"MAIN_QUEST_DES_73","Commander we're in a new stage of the battle. We'll need better equipment for battle. Enhance your equipment 3 times."
"MAIN_QUEST_DES_74","The enemy will never stop attacking, Commander. Let's proceed."
"MAIN_QUEST_DES_75","A bizarre adversary has emerged. We don't know who they are, but they're about to know who we are."
"MAIN_QUEST_DES_76","The imperial fleet suffers from low morale, Commander. They need a victory badly. Show them what victory means in the arena."
"MAIN_QUEST_DES_77","The leader of the Ronea Star District is within our grasp. Take him out!"
"MAIN_QUEST_DES_78","Only the destroyer commander remains. Show no mercy, friendly forces are depending on us."
"MAIN_QUEST_DES_79","The last battle served to prove the immense power of the enemy! Use all possible means to defeat the elite destroyer in the Military Academy."
"MAIN_QUEST_DES_80","The enemy fleet is attempting to destroy our planet. We must attack them head-on! Show them who has the final say! Kill their military governor!"
"MAIN_QUEST_DES_81","The enemy's flagship is exposed. Kill them off!"
"MAIN_QUEST_DES_82","The enemy retreated. We should take time now to strengthen our economy. Upgrade Citadel to level 10."
"MAIN_QUEST_DES_83","The same as before, they want to attack our compatriots! We can't let them succeed. Kill the military governor!"
"MAIN_QUEST_DES_84","The military governor is dead ! Now is the turn of their flagship !"
"MAIN_QUEST_DES_85","Good job! It's time to upgrade Research Lab to level 10."
"MAIN_QUEST_DES_86","The enemy convoy must have something of value. Defeat their flagship and see what it is."
"MAIN_QUEST_DES_87","The rebels have indeed taken refuge with the aliens. Destroy their flagship as soon as possible."
"MAIN_QUEST_DES_88","If we win in the arena, troop's morale will raise. Anyway go and try."
"MAIN_QUEST_DES_89","According to the information at hand, the combined fleet of the enemy and the alien are here. Defeat their advisor."
"MAIN_QUEST_DES_90","Strange enemy again. We can't treat them lightly before we make clear about their purpose. Defeat it!"
"MAIN_QUEST_DES_91","The alien strength has surfaced. We should keep reinforcing our military power. Upgrade Engineering Hub to level 11."
"MAIN_QUEST_DES_92","The apostle launched an attack on us. Kill their advisor!"
"MAIN_QUEST_DES_93","Next is their commander to tell them human are not the fault of good."
"MAIN_QUEST_DES_94","Compose Galactonite twice to see what's good in it."
"MAIN_QUEST_DES_95","It's time to restore peace and take our homeland back from the aliens! Let's start with their Nullifier Warlord."
"MAIN_QUEST_DES_96","There is very little information about the alien enemy, but we must be victorious!"
"MAIN_QUEST_DES_97","Commander we're in a new stage of the battle. We'll need better equipment for battle. Enhance your equipment 3 times."
"MAIN_QUEST_DES_98","The enemy launched a new fleet which we call the Reaper fleet. Also the rebels are now appearing, but they may actually be friendly forces. Anyway, the Reaper leader is our first target."
"MAIN_QUEST_DES_99","Kill the commander of Reaper."
"MAIN_QUEST_DES_100","Lord Rasyon is not in the palace which is why our economy has been cut off and and we've been left to fight alone until now. Dispatch the affairs officer to ask for some resources and gather new intel."
"MAIN_QUEST_DES_101","The affairs officer came back with resources as usual, but nearby enemies show Raphael's control of the empire is not as strong as it appears. Let's focus on taking out their officer."
"MAIN_QUEST_DES_102","The fleet directly below Raphael is very powerful. Let's seize this opportunity to defeat their commander. Maybe Raphael is trying to send us a message."
"MAIN_QUEST_DES_103","Since we openly broke up with Raphael we need to reinforce our fleet power much more. Enhance the equipment 3 times."
"MAIN_QUEST_DES_104","Raphael shrewdly deployed the incomplete imperial fleet on the News Center. Now launch an attack on the core of the sixth fleet -- the Heavy Cruiser."
"MAIN_QUEST_DES_105","The flagship of the sixth fleet has lost its protection. Defeat it now and avoid unnecessary damage."
"MAIN_QUEST_DES_106","The economic situation of the empire is not good. We have to rely on ourselves. Upgrade Citadel to level 12."
"MAIN_QUEST_DES_107","It seems Raphael has taken control of the empire's 9th fleet and the military base's defenses. Defeat their lieutenant."
"MAIN_QUEST_DES_108","Cassandra is the leader of the 9th aerocade team who owns excellent skill and always challenges the senior pilot."
"MAIN_QUEST_DES_109","This lively girl seems unwilling to submit. Defeat her in the Conservatory."
"MAIN_QUEST_DES_110","The wrecked 13th fleet has been placed in the guard here. Defeat their leader."
"MAIN_QUEST_DES_111","Sophietia is the captain of the 13th fleet and the sister of Cassandra. She is skilled at combat support."
"MAIN_QUEST_DES_112","According to the battle with Cassandra, she didn't exert all of her strength. Let's check her full potential in the Conservatory."
"MAIN_QUEST_DES_113","How could Raphael deploy the second fleet of the empire to attack us? Destroy their destroyer, which is the core of their battle."
"MAIN_QUEST_DES_114","Du'doria is an officer of the empire... but he doesn't have a firm position and is always hunting for glory."
"MAIN_QUEST_DES_115","As Du'doria don't take any stand we can show them who is the real victor with our strength."
"MAIN_QUEST_DES_116","Matthias deployed his fleet to proceed on a military exercise with us. It is said that Stargazer is very powerful. Defeat it. Don't allow humans to be shamed."
"MAIN_QUEST_DES_117","Matthias is one of those apostles, who first followed Divine Will to galaxy. And he is seeking Divine Will with the rebels."
"MAIN_QUEST_DES_118","The previous battle data was very useful. We need to collect more. Defeat elite Matthias."
"MAIN_QUEST_DES_119","Matthias looks for Divine Will here. He cannot be disturbed. We should give them a preemptive strike. Defeat the legion guard."
"MAIN_QUEST_DES_120","Matthias is still looking for it. Let's keep on attacking but, before that, please upgrade your Engineering Hub to lvl 13."
"MAIN_QUEST_DES_121","We are going to launch a large-scale attack at the WARP port. Before that please upgrade Engineering Hub to level 13."
"MAIN_QUEST_DES_122","Great! The defences here are weak. Let's defeat their Garrison Commander!"
"MAIN_QUEST_DES_123","Richter is the battleship commander of the seventh fleet and he is a warmonger."
"MAIN_QUEST_DES_124","Richter joined us. But as usual we should show them our power. Defeat elite Richter."
"MAIN_QUEST_DES_125","Richter launched mighty fleet to wipe us out. It seems Divine Judge is the breakthrough."
"MAIN_QUEST_DES_126","Only one last obstacle left. Defeat Divine Executors and we can escape from the dangerous condition."
"MAIN_QUEST_DES_127","It's the difficult battles that reveal our weakness, Commander. Let's upgrade the Research Lab."
"MAIN_QUEST_DES_128","Raphael has made major strides toward increasing the strength of the forces under his command. Let's defeat the Repressor Captain."
"MAIN_QUEST_DES_129","Well done, Commander. Only the Repressor Captain remains."
"MAIN_QUEST_DES_130","Don't forget to keep improving the strength of our fleet, Commander. Compose Galactonite twice."
"MAIN_QUEST_DES_131","Raphael has attempted to pin us in. A victory for us is crucial. Defeat the Repressor Commander."
"MAIN_QUEST_DES_132","Batis is the 5th fleet captain, who believes in the power of authority above all else. He'll perform any duty asked of him, with no questions asked."
"MAIN_QUEST_DES_133","Commander we're in a new stage of the battle. We'll need better equipment for battle. Enhance your equipment 3 times."
"MAIN_QUEST_DES_134","Let's continue to put pressure on Raphael. Our current mission is to kill the Punisher Commander."
"MAIN_QUEST_DES_135","The only defensive force in Star District is Vorsehung - take him out!"
"MAIN_QUEST_DES_136","Raphael is even crazier than we thought - he's begun construction of the Death Star. Let's get in the arena and hone our skills, Commander."
"MAIN_QUEST_DES_137","Commander, prevent Raphael from attacking with the Death Star by taking out the Strangler Captain."
"MAIN_QUEST_DES_138","It's too late, Commander! This star zone has been destroyed by the Death Star. We need to eliminate this threat before it's too late."
"MAIN_QUEST_DES_139","Upgrade the Citadel to solidify our economy."
"MAIN_QUEST_DES_140","In the name of his victims, eliminate the Strangler!"
"MAIN_QUEST_DES_141","The Death Star - destroy it!"
"MAIN_QUEST_DES_142","Let's not waste any time upgrading the Engineering Hub. The existence of the Death Star presents a great threat to the entire galaxy."
"MAIN_QUEST_DES_143","We can't be safe with the existence of the Death Star in the same galaxy, we have to destroy it."
"MAIN_QUEST_DES_144","At last the commander of the Death Star becomes our primary target. Don't forget about all the innocent victims that are in his wake, Commander."
"MAIN_QUEST_DES_145","Time's running out. Upgrade the Tech Lab with haste!"
"MAIN_QUEST_DES_146","The final battle looms ahead of us, Commander. Our target is the Arbiter Commander."
"MAIN_QUEST_DES_147","Well done, Commander. Press forward and let's go after their leader."
"MAIN_QUEST_DES_148","Galactonite really is a remarkable thing. Fuse Galactonite twice."
"MAIN_QUEST_DES_149","Raphael's end is in sight, but obstacles remain. Take him out Divine Lord."
"MAIN_QUEST_DES_150","Raphael awaits, Commander. The end is near. All who value justice are hoping for our victory."
"MAIN_QUEST_DES_151","It's all about tactics from here, Commander. Take advantage of the Conservatory to defeat Raphael."
"MAIN_QUEST_152","Defeat Shadow of Andrew"
"MAIN_QUEST_153","Join an Arena Battle"
"MAIN_QUEST_154","Defeat Andrew"
"MAIN_QUEST_155","Upgrade Research Lab to Lv16. "
"MAIN_QUEST_156","Defeat Shadow of Simon"
"MAIN_QUEST_157","Compose Galactonite twice"
"MAIN_QUEST_158","Defeat Shadow of Simon"
"MAIN_QUEST_159","Upgrade your Citadel to Lv. 16. "
"MAIN_QUEST_160","Defeat Simon of Apostle"
"MAIN_QUEST_161","Enhance equipment 3 times"
"MAIN_QUEST_162","Defeat Shadow of Simon"
"MAIN_QUEST_163","Join an Arena Battle"
"MAIN_QUEST_164","Defeat Simon of Apostle"
"MAIN_QUEST_165","Compose Galactonite twice."
"MAIN_QUEST_166","Defeat Simon the Phantom"
"MAIN_QUEST_167","Upgrade Engineering Hub(Lv.16. )"
"MAIN_QUEST_168","Defeat Simon's Illusion"
"MAIN_QUEST_169","Join an Arena Battle"
"MAIN_QUEST_170","Defeat Simon"
"MAIN_QUEST_171","Upgrade Research Lab(Lv.17)"
"MAIN_QUEST_172","Defeat Shadow of Thaddaeus"
"MAIN_QUEST_173","Compose Galactonite twice"
"MAIN_QUEST_174","Defeat Thaddaeus"
"MAIN_QUEST_175","Upgrade your Citadel to Lv. 17. "
"MAIN_QUEST_176","Defeat Shadow of John"
"MAIN_QUEST_177","Enhance equipment 3 times"
"MAIN_QUEST_178","Defeat John"
"MAIN_QUEST_179","Join an Arena Battle"
"MAIN_QUEST_180","Defeat Shadow of Apostle"
"MAIN_QUEST_181","Compose Galaconite twice."
"MAIN_QUEST_182","Defeat Shadow of Apostle"
"MAIN_QUEST_183","Upgrade Engineering Hub (Lv.17)"
"MAIN_QUEST_184","Defeat Shadow Power"
"MAIN_QUEST_185","Join an arena battle."
"MAIN_QUEST_186","Defeat Shadow of Andrew"
"MAIN_QUEST_187","Enhance equipment 3 times"
"MAIN_QUEST_188","Defeat Simon's Illusion"
"MAIN_QUEST_189","Compose Galactonite twice"
"MAIN_QUEST_190","Defeat Simon's Illusion"
"MAIN_QUEST_191","Upgrade your Citadel to Lv. 18. "
"MAIN_QUEST_192","Defeat Simon's Illusion"
"MAIN_QUEST_193","Enhance equipment 3 times"
"MAIN_QUEST_194","Defeat Simon's Illusion"
"MAIN_QUEST_195","Join an Arena Battle"
"MAIN_QUEST_196","Defeat Simon's Illusion"
"MAIN_QUEST_197","Compose Galactonite twice"
"MAIN_QUEST_198","Defeat Jacob"
"MAIN_QUEST_199","Upgrade Engineering Hub(Lv.18)"
"MAIN_QUEST_200","Defeat Simon's Illusion"
"MAIN_QUEST_201","Join an Arena Battle"
"MAIN_QUEST_202","Defeat Andrew"
"MAIN_QUEST_203","Upgrade Research Lab(Lv.18)"
"MAIN_QUEST_204","Defeat Shadow Power"
"MAIN_QUEST_205","Compose Galactonite twice"
"MAIN_QUEST_206","Defeat Bartholomew"
"MAIN_QUEST_207","Enhance equipment 3 times"
"MAIN_QUEST_208","Defeat Distortion Will"
"MAIN_QUEST_209","Enhance equipment 3 times"
"MAIN_QUEST_210","Defeat Shadow Will"
"MAIN_QUEST_211","Join an Arena Battle"
"MAIN_QUEST_212","Defeat Vague Thought"
"MAIN_QUEST_213","Compose Galactonite twice"
"MAIN_QUEST_214","Defeat Vague Reality"
"MAIN_QUEST_DES_152","Defeat Shadow of Andrew"
"MAIN_QUEST_DES_153","If we can win in the arena the troop morale would be enhanced a lot. Anyhow, go and try."
"MAIN_QUEST_DES_154","Defeat Andrew"
"MAIN_QUEST_DES_155","Good job! It's time to upgrade Research Lab to level 16."
"MAIN_QUEST_DES_156","Defeat Shadow of Simon"
"MAIN_QUEST_DES_157","Compose Galactonite twice to reap the rewards"
"MAIN_QUEST_DES_158","Defeat Shadow of Simon"
"MAIN_QUEST_DES_159","This one's for our economy, Commander. Upgrade the Citadel to level 16."
"MAIN_QUEST_DES_160","Defeat Shadow of Simon"
"MAIN_QUEST_DES_161","We're into a new stage of battle, Commander. We'll need better equipment for it. Enhance equipment 3 times."
"MAIN_QUEST_DES_162","Defeat Shadow of Simon"
"MAIN_QUEST_DES_163","If we can win in the arena, the troop morale will be enhanced by a lot. Anyway go and try it out."
"MAIN_QUEST_DES_164","Defeat Shadow of Simon"
"MAIN_QUEST_DES_165","Compose Galactonite twice to see what's good in it."
"MAIN_QUEST_DES_166","Defeat Simon the Phantom"
"MAIN_QUEST_DES_167","It's time to upgrade our Engineering Hub, Commander. The higher the level of our Engineering Hub, the stronger we can make our equipment."
"MAIN_QUEST_DES_168","Defeat Simon the Phantom"
"MAIN_QUEST_DES_169","If we can win in the arena, the troop morale would be greatly enhanced. Anyway, give it a try!"
"MAIN_QUEST_DES_170","Defeat Simon"
"MAIN_QUEST_DES_171","Good job! It's time to upgrade Research Lab to level 17."
"MAIN_QUEST_DES_172","Defeat Shadow of Thaddaeus"
"MAIN_QUEST_DES_173","Compose Galactonite twice to see what's good in it."
"MAIN_QUEST_DES_174","Defeat Thaddaeus"
"MAIN_QUEST_DES_175","This one's for our economy, Commander. Upgrade the Citadel to level 17."
"MAIN_QUEST_DES_176","Defeat Shadow of John"
"MAIN_QUEST_DES_177","We're into a new stage of battle, Commander. We'll need better equipment for it. Enhance equipment 3 times."
"MAIN_QUEST_DES_178","Defeat John"
"MAIN_QUEST_DES_179","The troop morale would be enhanced a lot if we could win in the arena. Go ahead and try!"
"MAIN_QUEST_DES_180","Defeat Shadow of the Apostle"
"MAIN_QUEST_DES_181","Compose Galactonite twice to see what's good in it."
"MAIN_QUEST_DES_182","Defeat Shadow of Apostle"
"MAIN_QUEST_DES_183","Time to upgrade our Engineering Hub, Commander. The higher the level of our Engineering Hub, the stronger we can make our equipment."
"MAIN_QUEST_DES_184","Defeat Shadow Power"
"MAIN_QUEST_DES_185","Should we win in the arena, the troop's morale would rise significantly. Go ahead and try!"
"MAIN_QUEST_DES_186","Defeat Shadow Power"
"MAIN_QUEST_DES_187","Commander we're in a new stage of the battle. We'll need better equipment for battle. Enhance your equipment 3 times."
"MAIN_QUEST_DES_188","Defeat Simon's Illusion"
"MAIN_QUEST_DES_189","Compose Galactonite twice to see what's good in it."
"MAIN_QUEST_DES_190","Defeat Simon's Illusion"
"MAIN_QUEST_DES_191","This one's for our economy, Commander. Upgrade the Citadel to level 18."
"MAIN_QUEST_DES_192","Defeat Simon's Illusion"
"MAIN_QUEST_DES_193","We're into a new stage of battle, Commander. We'll need better equipment for it. Enhance equipment 3 times."
"MAIN_QUEST_DES_194","Defeat Simon's Illusion"
"MAIN_QUEST_DES_195","If we can win in the arena, the troop morale would be greatly boosted. Anyhow, go and try."
"MAIN_QUEST_DES_196","Defeat Simon's Illusion"
"MAIN_QUEST_DES_197","Compose Galactonite twice to see what's good in it."
"MAIN_QUEST_DES_198","Defeat Jacob"
"MAIN_QUEST_DES_199","Time to upgrade our Engineering Hub, Commander. The higher the level of our Engineering Hub, the stronger we can make our equipment."
"MAIN_QUEST_DES_200","Defeat Simon's Illusion"
"MAIN_QUEST_DES_201","Should we win in the arena, the troop's morale would rise significantly. Go ahead and try!"
"MAIN_QUEST_DES_202","Defeat Andrew"
"MAIN_QUEST_DES_203","Good job! It's time to upgrade Research Lab to level 18."
"MAIN_QUEST_DES_204","Defeat Shadow Power"
"MAIN_QUEST_DES_205","Compose Galactonite twice to see what's good in it."
"MAIN_QUEST_DES_206","Defeat Bartholomew"
"MAIN_QUEST_DES_207","Commander we're in a new stage of the battle. We'll need better equipment for battle. Enhance your equipment 3 times."
"MAIN_QUEST_DES_208","Defeat Distortion Will"
"MAIN_QUEST_DES_209","We're into a new stage of battle, Commander. We'll need better equipment for it. Enhancing equipment 3 times will reward us."
"MAIN_QUEST_DES_210","Defeat Shadow Will"
"MAIN_QUEST_DES_211","If we can win in the arena the troop morale would be greatly enhanced. Go and give it a shot!"
"MAIN_QUEST_DES_212","Defeat Vague Thought"
"MAIN_QUEST_DES_213","Compose Galactonite twice and see what you gain."
"MAIN_QUEST_DES_214","Defeat Vague Reality"
"SUB_QUEST_10020","Use the Alliance Channel "
"SUB_QUEST_10021","Upgrade Tech"
"SUB_QUEST_10022","Cleanout Pirate Bases"
"WD_QUEST_1_TITLE","Points Competition"
"WD_QUEST_1_DESC","Your score reached %s points during Conquer Cosmos."
"WD_QUEST_2_TITLE","100th Victory"
"WD_QUEST_2_DESC","
Finished %s PVP battles(Only includes battles when player is the attacker)"
"WD_QUEST_3_TITLE","Winning Streak"
"WD_QUEST_3_DESC","have consecutively won %s battles"
"WD_QUEST_4_TITLE","At the Top"
"WD_QUEST_4_DESC","Individual Point reached %s(according to rankings at the end of the event)"
"WD_QUEST_5_TITLE","Powerful Organization"
"WD_QUEST_5_DESC","Alliance has won %s Conquer Cosmos battles"
"WD_QUEST_6_TITLE","For the Alliance"
"WD_QUEST_6_DESC","Donate %sx Fortress Enhancement Module"
"WD_QUEST_7_TITLE","Accumulative battle rewards"
"WD_QUEST_7_DESC","During the event, attack other players a total of %s times"
"WD_QUEST_10000_TITLE","Points Competition"
"WD_QUEST_10000_DESC","Your score reached %s points during Conquer Cosmos."
"WD_QUEST_TITLE","Space War"
"WD_QUEST_RECEIVE_BUTTON","CLAIM"
"WD_QUEST_1001_TITLE","Points Competition"
"WD_QUEST_1002_TITLE","Points Competition"
"WD_QUEST_1003_TITLE","Points Competition"
"WD_QUEST_1004_TITLE","Points Competition"
"WD_QUEST_1005_TITLE","Points Competition"
"WD_QUEST_1006_TITLE","Points Competition"
"WD_QUEST_1007_TITLE","Points Competition"
"WD_QUEST_1008_TITLE","Points Competition"
"WD_QUEST_1009_TITLE","100th Victory"
"WD_QUEST_1010_TITLE","100th Victory"
"WD_QUEST_1011_TITLE","100th Victory"
"WD_QUEST_1012_TITLE","100th Victory"
"WD_QUEST_1013_TITLE","100th Victory"
"WD_QUEST_1014_TITLE","100th Victory"
"WD_QUEST_1015_TITLE","100th Victory"
"WD_QUEST_1016_TITLE","100th Victory"
"WD_QUEST_1017_TITLE","Winning Streak"
"WD_QUEST_1018_TITLE","Winning Streak"
"WD_QUEST_1019_TITLE","Winning Streak"
"WD_QUEST_1020_TITLE","Winning Streak"
"WD_QUEST_1021_TITLE","At the Top"
"WD_QUEST_1022_TITLE","At the Top"
"WD_QUEST_1023_TITLE","At the Top"
"WD_QUEST_1024_TITLE","At the Top"
"WD_QUEST_1025_TITLE","Powerful Organization"
"WD_QUEST_1026_TITLE","Powerful Organization"
"WD_QUEST_1027_TITLE","Powerful Organization"
"WD_QUEST_1028_TITLE","Powerful Organization"
"WD_QUEST_1029_TITLE","Powerful Organization"
"WD_QUEST_1030_TITLE","Powerful Organization"
"WD_QUEST_1031_TITLE","Powerful Organization"
"WD_QUEST_1032_TITLE","Powerful Organization"
"WD_QUEST_1033_TITLE","Powerful Organization"
"WD_QUEST_1034_TITLE","Powerful Organization"
"WD_QUEST_1035_TITLE","Powerful Organization"
"WD_QUEST_1036_TITLE","Powerful Organization"
"WD_QUEST_1037_TITLE","Powerful Organization"
"WD_QUEST_1038_TITLE","Powerful Organization"
"WD_QUEST_1039_TITLE","Powerful Organization"
"WD_QUEST_1040_TITLE","Powerful Organization"
"WD_QUEST_1041_TITLE","Powerful Organization"
"WD_QUEST_1042_TITLE","Powerful Organization"
"WD_QUEST_1043_TITLE","Powerful Organization"
"WD_QUEST_1044_TITLE","Powerful Organization"
"WD_QUEST_1001_DESC","Your score reached %s points during Conquer Cosmos."
"WD_QUEST_1002_DESC","Your score reached %s points during Conquer Cosmos."
"WD_QUEST_1003_DESC","Your score reached %s points during Conquer Cosmos."
"WD_QUEST_1004_DESC","Your score reached %s points during Conquer Cosmos."
"WD_QUEST_1005_DESC","Your score reached %s points during Conquer Cosmos."
"WD_QUEST_1006_DESC","Your score reached %s points during Conquer Cosmos."
"WD_QUEST_1007_DESC","Your score reached %s points during Conquer Cosmos."
"WD_QUEST_1008_DESC","Your score reached %s points during Conquer Cosmos."
"WD_QUEST_1009_DESC","Finished %s PVP battles. (Only includes battles when player is the attacker.)"
"WD_QUEST_1010_DESC","Finished %s PVP battles(Only includes battles when player is the attacker)"
"WD_QUEST_1011_DESC","Finished %s PVP battles(Only includes battles when player is the attacker)"
"WD_QUEST_1012_DESC","Finished %s PVP battles(Only includes battles when player is the attacker)"
"WD_QUEST_1013_DESC","Finished %s PVP battles(Only includes battles when player is the attacker)"
"WD_QUEST_1014_DESC","Finished %s PVP battles(Only includes battles when player is the attacker)"
"WD_QUEST_1015_DESC","Finished %s PVP battles(Only includes battles when player is the attacker)"
"WD_QUEST_1016_DESC","Finished %s PVP battles(Only includes battles when player is the attacker)"
"WD_QUEST_1017_DESC","have consecutively won %s battles "
"WD_QUEST_1018_DESC","have consecutively won %s battles "
"WD_QUEST_1019_DESC","have consecutively won %s battles "
"WD_QUEST_1020_DESC","have consecutively won %s battles "
"WD_QUEST_1021_DESC","Individual Point reached %s(according to rankings at the end of the event)"
"WD_QUEST_1022_DESC","Individual Point reached %s(according to rankings at the end of the event)"
"WD_QUEST_1023_DESC","Individual Point reached %s(according to rankings at the end of the event)"
"WD_QUEST_1024_DESC","Individual Point reached %s(according to rankings at the end of the event)"
"WD_QUEST_1025_DESC","Alliance has won %s Conquer Cosmos battles "
"WD_QUEST_1026_DESC","Alliance has won %s Conquer Cosmos battles "
"WD_QUEST_1027_DESC","Alliance has won %s Conquer Cosmos battles "
"WD_QUEST_1028_DESC","Alliance has won %s Conquer Cosmos battles "
"WD_QUEST_1029_DESC","Alliance has won %s Conquer Cosmos battles "
"WD_QUEST_1030_DESC","Alliance has won %s Conquer Cosmos battles "
"WD_QUEST_1031_DESC","Alliance has won %s Conquer Cosmos battles "
"WD_QUEST_1032_DESC","Alliance has won %s Conquer Cosmos battles "
"WD_QUEST_1033_DESC","Alliance has won %s Conquer Cosmos battles "
"WD_QUEST_1034_DESC","Alliance has won %s Conquer Cosmos battles "
"WD_QUEST_1035_DESC","Alliance has won %s Conquer Cosmos battles "
"WD_QUEST_1036_DESC","Alliance has won %s Conquer Cosmos battles "
"WD_QUEST_1037_DESC","Alliance has won %s Conquer Cosmos battles "
"WD_QUEST_1038_DESC","Alliance has won %s Conquer Cosmos battles "
"WD_QUEST_1039_DESC","Alliance has won %s Conquer Cosmos battles "
"WD_QUEST_1040_DESC","Alliance has won %s Conquer Cosmos battles "
"WD_QUEST_1041_DESC","Alliance has won %s Conquer Cosmos battles "
"WD_QUEST_1042_DESC","Alliance has won %s Conquer Cosmos battles "
"WD_QUEST_1043_DESC","Alliance has won %s Conquer Cosmos battles "
"WD_QUEST_1044_DESC","Alliance has won %s Conquer Cosmos battles "
"SUB_QUEST_10023","Take part in Primus"
"SUB_QUEST_10024","Go to Battle Training"
"SUB_QUEST_10025","Use Galaxy Slot"
"SUB_QUEST_10026","Check Newest Event"
"SUB_QUEST_10027","Purchase Daily Chance Pack"
"MAIN_QUEST_215","Defeat Cruiser"
"MAIN_QUEST_216","Join an Arena Battle"
"MAIN_QUEST_217","Defeat unknown life form"
"MAIN_QUEST_218","Enhance equipment 3 times"
"MAIN_QUEST_219","Defeat Support Fleet"
"MAIN_QUEST_220","Compose Galactonite twice"
"MAIN_QUEST_221","Defeat Guardian Lead"
"MAIN_QUEST_222","Dispatch Diplomats"
"MAIN_QUEST_223","Defeat Vater Fleet"
"MAIN_QUEST_224","Enhance equipment 3 times"
"MAIN_QUEST_225","Defeat Vater Special Fleet"
"MAIN_QUEST_226","Join an Arena Battle"
"MAIN_QUEST_227","Defeat Vater Flagship"
"MAIN_QUEST_228","Compose Galactonite twice"
"MAIN_QUEST_229","Defeat Gaea Leader"
"MAIN_QUEST_230","Upgrade your Citadel to Lv. 20. "
"MAIN_QUEST_231","Defeat Gaea King"
"MAIN_QUEST_232","Upgrade Engineering Hub(Lv.20)"
"MAIN_QUEST_233","Defeat Fagon Leader"
"MAIN_QUEST_234","Upgrade Research Lab(Lv.20. )"
"MAIN_QUEST_235","Defeat Fagon Chief"
"MAIN_QUEST_236","Compose Galactonite twice"
"MAIN_QUEST_237","Defeat Verdict Fleet"
"MAIN_QUEST_238","Enhance equipment 3 times"
"MAIN_QUEST_239","Defeat Blade Leader"
"MAIN_QUEST_240","Enhance equipment 3 times"
"MAIN_QUEST_241","Defeat Star Burner"
"MAIN_QUEST_242","Join an Arena Battle"
"MAIN_QUEST_243","Defeat Abyss Undertaker"
"MAIN_QUEST_244","Compose Galactonite twice"
"MAIN_QUEST_245","Defeat Eye of the Abyss"
"MAIN_QUEST_246","Defeat Von Stark's Vanguard"
"MAIN_QUEST_247","Defeat Von Stark's Cavalry"
"MAIN_QUEST_248","Defeat Foggy Planet Predator"
"MAIN_QUEST_249","Defeat Foggy Planet Lord"
"MAIN_QUEST_250","Defeat Norz Lieutenant"
"MAIN_QUEST_251","Defeat Norz Captain"
"MAIN_QUEST_252","Defeat Reversed Skull"
"MAIN_QUEST_253","Defeat Reversed Wander"
"MAIN_QUEST_254","Defeat Silver Ash"
"MAIN_QUEST_255","Defeat Gold Ash"
"MAIN_QUEST_256","Defeat Nemure"
"MAIN_QUEST_257","Defeat Chelsava"
"MAIN_QUEST_258","Defeat Sky Eater"
"MAIN_QUEST_259","Defeat Giant Sky Eater"
"MAIN_QUEST_260","Defeat Apostle Wings"
"MAIN_QUEST_261","Defeat Satowarnell"
"MAIN_QUEST_DES_215","As the newest imperial intel displays, an unknown signal was found on location RL_883. Let's go to check out."
"MAIN_QUEST_DES_216","Should we win in the arena, the troop's morale would rise significantly. Go ahead and try!"
"MAIN_QUEST_DES_217","Unknown forces were detected near the signal source. They don't bear any markings known by humanity. Defeat them and try to find out some valuable info."
"MAIN_QUEST_DES_218","Commander we're in a new stage of the battle. We'll need better equipment for battle. Enhance your equipment 3 times."
"MAIN_QUEST_DES_219","All enemy ships were converted to hydro-molecules then annihilated in space. Yet a wormhole appeared behind them. Let’s go pass the wormhole to find out where they come from and what their purpose is."
"MAIN_QUEST_DES_220","Compose Galactonite twice to see what's good in it."
"MAIN_QUEST_DES_221","Somehow we were met with enemies in this unstable wormhole channel. We have to defeat those guys in front of us."
"MAIN_QUEST_DES_222","Commander, we'll need a steady supply of resources if we want to keep Star District safe and active. Let's have our Diplomats get on this."
"MAIN_QUEST_DES_223","The rampaging spinning electric charge and cosmos radiation overwhelmed our defensive system. Defeat the enemy at the other end of the wormhole, or we can’t hold any longer. "
"MAIN_QUEST_DES_224","We're into a new stage of battle, Commander. We'll need better equipment for it. Enhance equipment 3 times."
"MAIN_QUEST_DES_225","Unbelievable! We have arrived at another universe. When those guardians were defeated, the wormhole morphed incredibly. However, the most important thing now for us is to defeat our attackers."
"MAIN_QUEST_DES_226","Should we win in the arena, the troop's morale would rise significantly. Go ahead and try!"
"MAIN_QUEST_DES_227","The wormhole technology of different universes has gradually destabilized the whole framework of the greater cosmos. When the dimensional wall broke, our universe and this alien universe unexpectedly merged together. A new universe has formed. It is time for humanity to prove ourselves with our strength! "
"MAIN_QUEST_DES_228","Compose Galactonite twice to see what's good in it."
"MAIN_QUEST_DES_229","It looks like in this alien world, there's no universal sovereignty or ruler. If we want to impress our new neighbors, we have to give it all we've got."
"MAIN_QUEST_DES_230","This one's for our economy, Commander. Upgrade the Citadel to level 20."
"MAIN_QUEST_DES_231","Their fleet has a feeling of sincerity. Whatever, defeat them."
"MAIN_QUEST_DES_232","Time to upgrade our Engineering Hub, Commander. The higher the level of our Engineering Hub, the stronger we can make our equipment."
"MAIN_QUEST_DES_233","Finally Norm district is our ally. Let's move on to the next area! "
"MAIN_QUEST_DES_234","Good job! It's time to upgrade Research Lab to level 20."
"MAIN_QUEST_DES_235","According to the customs here, the winners decide the truth!"
"MAIN_QUEST_DES_236","Compose Galactonite twice to see what's good in it."
"MAIN_QUEST_DES_237","The area up ahead has become a fierce battlefield! Yet we have to advance. Tell those raging elements that humanity fears nothing."
"MAIN_QUEST_DES_238","Commander we're in a new stage of the battle. We'll need better equipment for battle. Enhance your equipment 3 times."
"MAIN_QUEST_DES_239","These non-organic beings are powerful, but we can overcome them."
"MAIN_QUEST_DES_240","We're into a new stage of battle, Commander. We'll need better equipment for it. Enhance equipment 3 times."
"MAIN_QUEST_DES_241","Negotiation with them requires first defeating them. Fear not, commander!"
"MAIN_QUEST_DES_242","Should we win in the arena, the troop's morale would rise significantly. Go ahead and try!"
"MAIN_QUEST_DES_243","That is the reason why the inhabitants here in this universe only worship strength. Since we are in the same space now, it's a problem we'll have to deal with."
"MAIN_QUEST_DES_244","Compose Galactonite twice to see what's good in it."
"MAIN_QUEST_DES_245","These enemies can absorb our attack and convert our ships. According to the latest analysis from the Empire, not just their ships possess this kind of ability, but also their alien beings. It is in their nature to feed on the DNA of others to evolve their own. We have to fight them!"
"MAIN_QUEST_DES_246","Defeat Von Stark's Vanguard"
"MAIN_QUEST_DES_247","Defeat Von Stark's Cavalry"
"MAIN_QUEST_DES_248","Defeat Foggy Planet Predator"
"MAIN_QUEST_DES_249","Defeat Foggy Planet Lord"
"MAIN_QUEST_DES_250","Defeat Norz Lieutenant"
"MAIN_QUEST_DES_251","Defeat Norz Captain"
"MAIN_QUEST_DES_252","Defeat Reversed Skull"
"MAIN_QUEST_DES_253","Defeat Reversed Wander"
"MAIN_QUEST_DES_254","Defeat Silver Ash"
"MAIN_QUEST_DES_255","Defeat Gold Ash"
"MAIN_QUEST_DES_256","Defeat Nemure"
"MAIN_QUEST_DES_257","Defeat Chelsava"
"MAIN_QUEST_DES_258","Defeat Sky Eater"
"MAIN_QUEST_DES_259","Defeat Giant Sky Eater"
"MAIN_QUEST_DES_260","Defeat Apostle Wings"
"MAIN_QUEST_DES_261","Defeat Satowarnell"
"WD_QUEST_TITLE_NEW","Side task"
"SUB_QUEST_10028","Get Month Card"
"SUB_QUEST_10029","Armor Reshape"
"SUB_QUEST_10030","Send supplies to Facebook friends. "
"SUB_QUEST_DESC_10001","Collect tax at the Citadel to obtain Cubits"
"SUB_QUEST_DESC_10002","Purchase various resources at the DIPLOMACY CENTER"
"SUB_QUEST_DESC_10003","Lead your fleet out from Dexter's Laboratory to a mine and gather its bountiful resources."
"SUB_QUEST_DESC_10004","Obtain ranking rewards once per day"
"SUB_QUEST_DESC_10005","Purchase Tech Points for chances to get ship rewards"
"SUB_QUEST_DESC_10006","At the Galactonite Center, spend Cubits to obtain Galactonites, Galactonites can improve your fleet's power dramatically"
"SUB_QUEST_DESC_10007","At the Engineering Hub, consuming Cubits to enhance your equipment, raise your power effectively"
"SUB_QUEST_DESC_10008","Loot other players' mining profit"
"SUB_QUEST_DESC_10009","Challenge the elite opponents at the Conservatory to obtain equipment upgrade plans"
"SUB_QUEST_DESC_10010","Challenge new enemies or rush the old opponents, that's the main method to gain experience"
"SUB_QUEST_DESC_10011","Challenge other players, reach high place in Arena Rank, and claim huge rewards."
"SUB_QUEST_DESC_10012","Defeat your opponents at the Arena, colonize them to gain huge amount of experience."
"SUB_QUEST_DESC_10013","Donate Cubits or Credits to your Alliance, get prestige and rush experience bonus in return, accelerate your level up process."
"SUB_QUEST_DESC_10014","Go on Cosmic Expeditions with your Alliance members, and win prestige rewards."
"SUB_QUEST_DESC_10015","Say Hi to your allies."
"SUB_QUEST_DESC_10016","Research Center can raise the power of your entire fleet."
"SUB_QUEST_DESC_10023","At a fixed time of each day, join your friends of the same server and challenge Big Boss of the world for Cubits and prestige rewards"
"SUB_QUEST_DESC_10024","At the Laboratory, challenge opponents and raise your fleet's HP"
"SUB_QUEST_DESC_10025","Use the daily login reward 'Dexter coin' to play slot machine and win various items."
"SUB_QUEST_DESC_10026","Check out the latest benefit details at the Event Center"
"SUB_QUEST_DESC_10027","Mysterious Pack, contains all kinds of surprises, can be purchased at the store with only 1 credit"
"SUB_QUEST_DESC_10028","Collect credits once per day"
"SUB_QUEST_DESC_10029","Use Armor Reshape at the Construction Yard, raise the HP of your entire fleet."
"SUB_QUEST_DESC_10030","Send supplies to Facebook friends. "
"SUB_TASK_TITLE_30","Participate in Infinite Cosmos"
"SUB_TASK_DESC_30","Battle with fleets simulated by Dexter, challenge higher waves and break through your limit."
"SUB_TASK_TITLE_31","Participate in Chaos Quasar"
"SUB_TASK_DESC_31","Challenge 15 players from various servers and win the final rewards."
"SUB_QUEST_10017","Participate in Infinite Cosmos"
"SUB_QUEST_10018","Participate in Chaos Quasar"
"SUB_QUEST_DESC_10017","Battle with fleets simulated by Dexter, challenge higher waves and break through your limit."
"SUB_QUEST_DESC_10018","Challenge 15 players from various servers and win the final rewards."
"TODAY_QUEST_pay","Cumulative Purchase"
"TODAY_QUEST_DESC_pay","Purchase a certain amount of Credits during the event"
"TODAY_QUEST_combo_gacha","Empire's Treasure"
"TODAY_QUEST_DESC_combo_gacha","Draw a certain number of times in the Empire's Treasure"
"TODAY_QUEST_special_store_buy","Purchase Black Market or Limited-Time Pack Item"
"TODAY_QUEST_DESC_special_store_buy","Cumulatively Purchase any item in the Black Market or Limited-Time Pack for a certain amount"
"TODAY_QUEST_tactical_refine","Module Adjustment"
"TODAY_QUEST_DESC_tactical_refine","Adjust any Module in the Control Hub for a certain number of times"
"TODAY_QUEST_join_crusade_times","Pass Chaos Quasar"
"TODAY_QUEST_DESC_join_crusade_times","Defeat a certain number of hostiles in the Chaos Quasar"
"TODAY_QUEST_tc_score","Gain influence in the Pandora event"
"TODAY_QUEST_DESC_tc_score","Gain a certain amount of influence in Pandora event on that day"
"TODAY_QUEST_try_champion","Participate in Arena"
"TODAY_QUEST_DESC_try_champion","Participate in arena battles a certain amount of times on that day"
"TODAY_QUEST_wd_score","Gain Merits in Conquer the Cosmos event"
"TODAY_QUEST_DESC_wd_score","Gain a certain amount of Merits in Conquer the Cosmos event on that day"
"TODAY_QUEST_total_online_time","Cumulative Online Time"
"TODAY_QUEST_DESC_total_online_time","Stay online cumulatively for a certain period of time on that day (Minutes)"
"TODAY_QUEST_normal_store_buy","Purchase Item in Shop"
"TODAY_QUEST_DESC_normal_store_buy","Purchase any item a certain amount of times"
"TODAY_QUEST_global_chat","Chat in the World Channel"
"TODAY_QUEST_DESC_global_chat","Say 'Hi' to everyone in the world chat channel"
"TODAY_QUEST_REWARD","%d days"
"SUB_QUEST_10031","Head to the Galaxy League"
"SUB_QUEST_DESC_10031","Participate in the Galaxy League to feel the passion and joy of cross-server competition."
"EVENT_DESC_SPEND_CREDITS","During the event, players who consume corresponding amounts of credits can get valuable items and resource rewards!"
"EVENT_DESC_KENERGY_PACK","During the event, players who purchase Galactonite Energy Packs can get plenty of Energy rewards! The more purchases, the more rewards!"
"EVENT_DESC_purchase_2","During the event, players who make a single purchase of credits of different amounts and cumulate to certain purchase times can earn different amounts of credit payback gifts. Earn at least 100 points to get an ample amount of Olympic bonus gifts."
"EVENT_TITLE_recharge_1","Daily cumulative purchase of Credits"
"EVENT_DESC_recharge_1","During the event, purchase corresponding amounts of Credits daily to get high value items and resource rewards!"
"EVENT_TITLE_recharge_2","Cumulatively Purchase Credits "
"EVENT_DESC_recharge_2","During the event, cumulatively purchase corresponding amounts of Credits to get high value items and resource rewards!"
"EVENT_TITLE_consume_1","Daily cumulative consumption of Credits "
"EVENT_DESC_consume_1","During the event, players who consume corresponding amounts of Credits every day can get high value items and resource rewards!"
"EVENT_TITLE_consume_2","Cumulatively Consume Credits"
"EVENT_DESC_consume_2","During the event, cumulatively consume corresponding amounts of Credits to get high value items and resource rewards!"
"EVENT_TITLE_tech_1","Purchase Tech Points Pack"
"EVENT_DESC_tech_1","During the event, players who purchase corresponding amounts of Tech Points every day can get high value items and resource rewards!"
"EVENT_TITLE_interfere_1","Upgrade Interference level of any eqpt. "
"EVENT_TITLE_interfere_20","Upgrade Interference level of any Lv20 or above eqpt."
"EVENT_TITLE_interfere_30","Upgrade Interference level of any Lv30 or above eqpt."
"EVENT_TITLE_interfere_40","Upgrade Interference level of any Lv40 or above eqpt."
"EVENT_TITLE_interfere_50","Upgrade Interference level of any Lv50 or above eqpt."
"EVENT_TITLE_interfere_60","Upgrade Interference level of any Lv60 or above eqpt."
"EVENT_TITLE_interfere_70","Upgrade Interference level of any Lv70 or above eqpt."
"EVENT_TITLE_interfere_80","Upgrade Interference level of any Lv80 or above eqpt."
"EVENT_DESC_interfere","Upgrading eqpt. (=equipment) Interference levels enhances a player's power."
"EVENT_TITLE_KENERGY","Galactonite Energy"
"EVENT_TASK_NAME_KENERGY","The amount of Galactonite Energy packs purchased"
"EVENT_TASK_DESC_KENERGY","During the event, players can get high value items and resource rewards by purchasing Galactonite Energy packs."
"EVENT_TAG_NAME_KENERGY","Galactonite Energy"
"EVENT_TITLE_CELE","Prelude to the Celebration"
"EVENT_TAG_NAME_MODULE","Module Adjustment"
"EVENT_TASK_NAME_MODULE","Module adjustment times"
"EVENT_TASK_DESC_MODULE","During the event, players can adjust Modules to get high value items and resource rewards!"
"EVENT_TITLE_KCORE","Nuclear Galactonite"
"EVENT_TASK_NAME_HKCORE","The amount of Advanced Nuclear Galactonite packs purchased"
"EVENT_TASK_DESC_HKCORE","During the event, players can get high value items and resource rewards by purchasing Advanced Nuclear Galactonite packs."
"EVENT_TAG_NAME_HKCORE","Advanced Nuclear Galactonite Pack"
"EVENT_TASK_NAME_KCORE","The amount of Nuclear Galactonite chests purchased"
"EVENT_TASK_DESC_KCORE","During the event, players can get high value items and resource rewards by purchasing Nuclear Galactonite chests!"
"EVENT_TAG_NAME_KCORE","Nuclear Galactonite Chest"
"EVENT_TITLE_PURCHASE_1","Purchase Bonus·Ⅰ"
"EVENT_TITLE_PURCHASE_2","Purchase Bonus·Ⅱ"
"EVENT_TITLE_PURCHASE_3","Purchase Bonus·Ⅲ"
"EVENT_TITLE_PURCHASE_4","Purchase Bonus·Ⅳ"
"EVENT_TITLE_CUMULATE_PURCHASE","Cumulative Purchase"
"EVENT_TITLE_ANNIVER_CARNIVAL","Anniversary Carnival"
"EVENT_TITLE_UNIVERSE_EXPLORATION","Universe Exploration"
"EVENT_TITLE_HOLIDAY_CARNIVAL","Holiday Carnival"
"EVENT_TITLE_DAILY_PURCHASE_1","Daily Purchase I"
"EVENT_TITLE_DAILY_PURCHASE_2","Daily Purchase II"
"EVENT_TITLE_DAILY_PURCHASE_3","Daily Purchase III"
"EVENT_TITLE_DAILY_PURCHASE_4","Daily Purchase Ⅳ"
"EVENT_TITLE_HALLOWEEN","Halloween Carnival"
"EVENT_TITLE_CREDIT","Credits"
"EVENT_TASK_NAME_ARENA","Cumulatively complete Arena battles"
"EVENT_TASK_NAME_PRIMUS_1","Participate in Chaos Quasar on 1 day"
"EVENT_TASK_NAME_PRIMUS_2","Participate in Chaos Quasar for 2 cumulative days"
"EVENT_TASK_NAME_PRIMUS_3","Participate in Chaos Quasar for 3 cumulative days"
"EVENT_TASK_NAME_PRIMUS_4","Participate in Chaos Quasar for 4 cumulative days"
"EVENT_TASK_NAME_PRIMUS_5","Participate in Chaos Quasar for 5 cumulative days"
"EVENT_TASK_NAME_PRIMUS_6","Participate in Chaos Quasar for 6 cumulative days"
"EVENT_TASK_NAME_PRIMUS_7","Participate in Chaos Quasar for 7 cumulative days"
"EVENT_TASK_NAME_CUMULATE_LOGIN","Login cumulatively for a set number of days"
"EVENT_TASK_NAME_CUMULATE_PURCHASE","Cumulatively purchase a set amount of Credits"
"EVENT_TASK_NAME_PRIMUS","Cumulatively participate in Primus battles"
"EVENT_TASK_NAME_LOGIN_COM","Purchase Credits cumulatively for a certain number of days"
"EVENT_TASK_DESC_PURCHASE","During the event, purchase Credits up to a certain amount to get valuable item and resource rewards!"
"EVENT_TASK_DESC_ARENA","During the event, participate in Arena battles a certain number of times to get valuable item and resource rewards!"
"EVENT_TASK_DESC_PRIMUS","During the event, participate in Primus Battles for a certain number days to get valuable item and resource rewards!"
"EVENT_TASK_DESC_CHAOS","During the event, participate in the Chaos Quasar every day to get valuable item and resource rewards!"
"EVENT_TASK_DESC_LOGIN","During the event, log into the game every day to get valuable item and resource rewards!"
"EVENT_TASK_DESC_DEFAULT","Finish tasks to get abundant rewards"
"EVENT_TASK_NAME_TECH","Purchase Tech Points Pack"
"EVENT_TASK_DESC_TECH","During the event, players who purchase Tech Points Packs can get high value items and resource rewards!"
"EVENT_TASK_NAME_WORMHOLE_8","Pass through 8 waves of Death Space cumulatively"
"EVENT_TASK_NAME_WORMHOLE_20","Pass through 20 waves of Death Space cumulatively"
"EVENT_TASK_NAME_WORMHOLE_40","Pass through 40 waves of Death Space cumulatively"
"EVENT_TASK_NAME_WORMHOLE_60","Pass through 60 waves of Death Space cumulatively"
"EVENT_TASK_NAME_WORMHOLE_90","Pass through 90 waves of Death Space cumulatively"
"EVENT_TASK_NAME_WORMHOLE_120","Pass through 120 waves of Death Space cumulatively"
"EVENT_TASK_NAME_WORMHOLE_155","Pass through 155 waves of Death Space cumulatively"
"EVENT_TASK_NAME_REBATE","Cumulatively purchase a certain amount of Credits"
"EVENT_TASK_DESC_REBATE","Cumulatively purchase a certain amount of Credits to get a Credit Bonus"
"EVENT_TITLE_FORCE","Enhance your Force"
"EVENT_TITLE_INTERFERENCE","Equipment Interference"
"EVENT_TITLE_TECHPOINTS","Tech Points"
"EVENT_TITLE_ADJUSTMENT","Adjustment"
"EVENT_TITLE_LOGIN","Login"
"EVENT_TASK_DESC_CLOGIN","Login cumulatively for a set number of days to get abundant rewards after updating to the latest version"
"EVENT_TITLE_GORGEOUS","Gorgeous Pack"
"EVENT_TASK_NAME_GORGEOUS","Purchased Gorgeous Pack Amount"
"EVENT_TASK_DESC_GORGEOUS","During the event, players can purchase Gorgeous Packs to get high value item and resource rewards."
"EVENT_TITLE_STELLAR","Forest of Stellar Territory"
"EVENT_TASK_NAME_STELLAR","Invasion and occupation count"
"EVENT_TASK_DESC_STELLAR","During the event, invade and occupy in the Forest of Stellar Territory a certain number of counts to get abundant rewards."
"EVENT_TITLE_THG","Thanksgiving Feast"
"EVENT_TITLE_BFC","Black Friday Carnival"
"EVENT_TASK_NAME_GLC","Cumulatively complete Galaxy League battles"
"EVENT_BANNER_SINGLE_PURCHASE","Purchase"
"EVENT_DEC_SINGLE_PURCHASE","Purchase a certain amount of Credits in a single order"
"EVENT_DETAIL_SINGLE_PURCHASE","Purchase a certain amount of Credits in a single order to get rewards of corresponding level."
"EVENT_BANNER_BLACK_MARKET_1","Xmas Black Market I"
"EVENT_BANNER_BLACK_MARKET_2","Xmas Black Market II"
"EVENT_BANNER_BLACK_MARKET_3","Xmas Black Market III"
"EVENT_BANNER_BLACK_MARKET_4","Xmas Black Market IV"
"EVENT_BANNER_BLACK_MARKET_5","Xmas Black Market V"
"EVENT_BANNER_BLACK_MARKET_6","Xmas Black Market VI"
"EVENT_BANNER_BLACK_MARKET_7","Xmas Black Market VII"
"EVENT_DEC_1125","Cumulative online minutes"
"EVENT_BANNER_Christmas_Carnival_1","Christmas Carnival I"
"EVENT_BANNER_Christmas_Carnival_2","Christmas Carnival II"
"EVENT_TITLE_1125","Cumulative days of participation in Chaos Quasar"
"EVENT_DETAIL_COMPLETE_BATTLE_REWARDS","During the event, complete a certain amount of Galaxy League battles cumulatively to get abundant rewards!"
"EVENT_DETAIL_COMPLETE_ARENA_REWARDS","During the event, complete a certain amount of Arena Battles cumulatively to get abundant rewards!"
"EVENT_TITLE_Level_up_Pack","Level-up Pack"
"EVENT_DEC_Level_up_Pack","Amount of Level-up Packs purchased"
"EVENT_DETAIL_Level_up_Pack","Purchase a certain amount of Level-up Packs to get abundant rewards!"
"EVENT_BANNER_DARK_AERO","Dark Aerosiderite"
"EVENT_DEC_DARK_AERO","Amount of Dark Aerosiderite Packs purchased"
"EVENT_DETAIL_DARK_AERO","Purchase a certain amount of Dark Aerosiderite Packs to get extra Dark Aerosiderites as rewards!"
"EVENT_BANNER_Christmas_Purchase","Christmas Purchase"
"EVENT_TITLE_CGOLDEN_MODULE_CHEST","Golden Module Chest"
"EVENT_TASK_NAME_CGOLDEN_MODULE_CHEST","Amount of Golden Module Chests purchased"
"EVENT_TASK_DES_CGOLDEN_MODULE_CHEST","During the event, players can purchase Golden Module Chests to get high value items and resources."
"EVENT_TITLE_EQUIPMENT_INTERFERENCE","Equipment Interference"
"EVENT_DES_EQUIPMENT_INTERFERENCE","Upgrade your Equipment Interference level to effectively enhance your Force"
"EVENT_DETAIL_1_EQUIPMENT_INTERFERENCE","Upgrade the Interference level of any equipment "
"EVENT_DETAIL_2_EQUIPMENT_INTERFERENCE","Upgrade the Interference level of any Lv30 or above equipment"
"EVENT_DETAIL_3_EQUIPMENT_INTERFERENCE","Upgrade the Interference level of any Lv50 or above equipment"
"EVENT_DETAIL_4_EQUIPMENT_INTERFERENCE","Upgrade the Interference level of any Lv60 or above equipment"
"EVENT_DETAIL_5_EQUIPMENT_INTERFERENCE","Upgrade the Interference level of any Lv80 or above equipment"
"EVENT_TITLE_GALACTONITE_LAB","Galactonite Laboratory"
"EVENT_TASK_NAME_GALACTONITE_LAB","Purchased Advanced Galactonite Times"
"EVENT_TASK_DES_GALACTONITE_LAB","During the event, players can purchase advanced Galactonite in Advanced Laboratory to get high value items and resources."
"EVENT_TITLE_NEW_YEAR_PRELUDE","New Year Prelude"
"EVENT_TITLE_HAPPY_NEW_YEAR","Happy New Year"
"EVENT_TAG_TITLE_ARENA","Arena"
"EVENT_TAG_DES_ARENA","Cumulatively complete Arena battles"
"EVENT_TAG_TITLE_GALACTIC_RESERVE","Galactic Reserve"
"EVENT_TAG_DES_GALACTIC_RESERVE","Amount of Opened Chests"
"EVENT_TAG_TITLE_CUMULATIVE_LOGIN","Cumulative Login"
"EVENT_TAG_DES_CUMULATIVE_LOGIN","Login cumulatively for a set number of days"
"EVENT_TITLE_SIMULATED_PURCHASE","Purchase"
"EVENT_TASK_DES_SIMULATED_PURCHASE","Cumulative Credits purchase"
"EVENT_TASK_DETAIL_SIMULATED_PURCHASE","During the event, players can purchase a certain amount of Credits to get high value items as the reward."
"EVENT_TITLE_ACTIVE_PLAYER_REWARDS_1","Active Player Gift I"
"EVENT_TASK_TITLE_ACTIVE_PLAYER_REWARDS_1","Cumulatively passed Monster Space Waves"
"EVENT_TITLE_ACTIVE_PLAYER_REWARDS_2","Active Player Gift II"
"EVENT_TASK_TITLE_ACTIVE_PLAYER_REWARDS_2","Cumulative joined Conquer the Cosmos battles"
"EVENT_TITLE_CONSUME_FOR_GIFTS","Consume for Gifts"
"EVENT_TASK_NAME_CONSUME_FOR_GIFTS","Cumulative Credit consumption during the event"
"EVENT_TASK_DES_CONSUME_FOR_GIFTS","During the event, players who daily consume a certain amounts of Credits will get high value items and resource rewards!"
"EVENT_TITLE_SINGLE_PURCHARSE","Single Purchase"
"EVENT_TASK_NAME_SINGLE_PURCHARSE_1","Obtained 600 Credits in a single order"
"EVENT_TASK_NAME_SINGLE_PURCHARSE_2","Obtained 1250 Credits in a single order"
"EVENT_TASK_NAME_SINGLE_PURCHARSE_3","Obtained 2750 Credits in a single order"
"EVENT_TASK_NAME_SINGLE_PURCHARSE_4","Obtained 7000 Credits in a single order"
"EVENT_TASK_NAME_SINGLE_PURCHARSE_5","Obtained 15000 Credits in a single order"
"EVENT_TASK_DES_SINGLE_PURCHARSE","During the event, players who obtained a certain amount of Credits in a single order every day can get abundant items and resources."
"EVENT_TITLE_FLAGSHIP_CORE","Flagship & Core"
"EVENT_TASK_NAME_FLAGSHIP_CORE","Amount of purchased Flagship or Core Packs"
"EVENT_TASK_DES_FLAGSHIP_CORE","During the event, players can purchase Flagship Chip Packs and Pandora Power Core Packs to get high value items and resources."
"EVENT_TITLE_SIGNGLE_PURCHASE_1","Single PurchaseⅠ"
"EVENT_TITLE_SIGNGLE_PURCHASE_2","Single PurchaseⅡ"
"EVENT_TITLE_SIGNGLE_PURCHASE_3","Single PurchaseⅢ"
"EVENT_TASK_GROUP_NAME_heishi","Black Market"
"EVENT_TASK_GROUP_DES_heishi","Purchase items from the Black Market"
"EVENT_TASK_GROUP_DETAIL_heishi","Purchase a certain amount of items from the Black Market to get corresponding extra rewards"
"EVENT_TITLE_Active_Player_Bonus_1","Active Player Bonus Ⅰ"
"EVENT_TITLE_Active_Player_Bonus_2","Active Player Bonus Ⅱ"
"EVENT_BANNER_Personal_Battle","Personal Battle"
"EVENT_BANNER_Alliance_Battle","Alliance Battle"
"EVENT_TASK_DESC_Accumulative_Personal_Score","Accumulative Personal Score"
"EVENT_TASK_DESC_Accumulative_Personal_Attack","Accumulative Personal Attack"
"EVENT_TASK_DESC_Accumulative_Personal_Victory","Accumulative Personal Victory"
"EVENT_TASK_DESC_Accumulative_Personal_Winning_Streak","Accumulative Personal Winning Streak"
"EVENT_TASK_DESC_Alliance_Battle_Victories","Alliance Battle Victories"
"EVENT_TASK_DESC_Personal_Donated","Personal Donated"
"EVENT_TASK_DETAIL_Complete_rewards","Complete different Conquer the Cosmos tasks to get abundant rewards"
"EVENT_BANNER_Spring_Carniva_1","Spring Carnival I"
"EVENT_BANNER_Spring_Carniva_2","Spring Carnival II"
"EVENT_BANNER_Red_Envelope","Red Envelope"
"EVENT_BANNER_Spring_BM_1","Spring BM I"
"EVENT_BANNER_Spring_BM_2","Spring BM II"
"EVENT_BANNER_Spring_BM_3","Spring BM III"
"EVENT_BANNER_Spring_BM_4","Spring BM IV"
"EVENT_BANNER_Spring_BM_5","Spring BM V"
"EVENT_BANNER_Spring_BM_6","Spring BM VI"
"EVENT_BANNER_Spring_BM_7","Spring BM VII"
"EVENT_TASK_DESC_mystery_refresh","Black Market Refresh Times"
"EVENT_TASK_DETAIL_mystery_refresh","Refresh the Black Market a certain amount of times cumulatively to get abundant rewards!"
"EVENT_TITLE_New_Spring_Gift_1","New Spring Gift I"
"EVENT_TITLE_New_Spring_Gift_2","New Spring Gift II"
"EVENT_TITLE_Active_Warm_Winter","Active Warm Winter"
"SUB_QUEST_10033","Occupy Forest of Stellar Territory"
"SUB_QUEST_DESC_10033","Successfully occupy or invade Forest of Stellar Territory"
"SUB_QUEST_10034","Upgrade the Interference level of any equipment "
"SUB_QUEST_DESC_10034","Upgrade your Equipment Interference level to effectively enhance your Force"
