"NAME_1","Basic Hull"
"NAME_2","Basic Primary Gun"
"NAME_3","Basic Armor"
"NAME_4","Basic Firepower"
"NAME_5","Basic Protection"
"NAME_6","Basic Energy Output"
"NAME_7","Basic Shield"
"NAME_8","Basic Engine"
"NAME_101","Enhanced Hull"
"NAME_102","Enhanced Prim. Gun"
"NAME_103","Enhanced Armor"
"NAME_104","Enhanced Firepower"
"NAME_105","Enhanced Protection"
"NAME_106","Enhanced E-Output"
"NAME_107","Enhanced Shield"
"NAME_108","Enhanced Engine"
"NAME_201","Advanced Hull"
"NAME_202","Adv Primary Gun"
"NAME_203","Advanced Armor"
"NAME_204","Advanced Firepower"
"NAME_205","Advanced Protection"
"NAME_206","Adv Energy Output"
"NAME_207","Advanced Shield"
"NAME_208","Advanced Engine"
"NAME_301","H-Dimension Hull"
"NAME_302","H-Dimension Cannon"
"NAME_303","H-Dimension Armor"
"NAME_304","H-Dimension AP"
"NAME_305","H-Dimension SPE"
"NAME_306","H-Dimension Output"
"NAME_307","H-Dimension Shield"
"NAME_308","H-Dimension Engine"
"NEWSTIP_1","<font color='#FFBF00'><playerName_char></font> has defeated <font color='#FFBF00'><enemy_char></font>"
"NEWSTIP_2","<font color='#FFBF00'><playerName_char></font> has defeated the elite<font color='#FFBF00'><enemy_char></font>"
"NEWSTIP_3","<font color='#FFBF00'>%s</font>'s ships have reached <font color='#FFBF00'>Lv.%d</font>"
"NEWSTIP_4","<font color='#FFBF00'><playerName_char></font> completed <font color='#FFBF00'><pveSection_char></font>"
"NEWSTIP_5","<font color='#FFBF00'><playerName_char></font> completed <font color='#FFBF00'><pveSection_char></font>"
"NEWSTIP_6","<font color='#FFBF00'><playerName_char></font> has obtained item <font color='#FFBF00'><itemName_char></font>"
"NEWSTIP_7","<font color='#FFBF00'><playerName_char></font> fleet has developed a <font color='#FFBF00'><equipment_char></font>"
"NEWSTIP_8","<font color='#FFBF00'>%s</font> in the arena just claimed <font color='#FFBF00'>%d</font> consecutive victories! A new Arena Star is born!"
"NEWSTIP_9","<font color='#FFBF00'>%s</font> finished <font color='#FFBF00'>%d</font>!"
"NEWSTIP_10","<font color='#FFBF00'>%s</font> is unstoppable!"
"NEWSTIP_11","<font color='#FFBF00'><playerA_char></font> has defeated <font color='#FFBF00'><playerB_char></font> and won the <font color='#FFBF00'><arenaRank_num> place</font>! Unstoppable!"
"NEWSTIP_PRIMUS_READY","The PRIMUS is up, all the fleets fall in for action!"
"NEWSTIP_PRIMUS_ATTACK","The fleets have massed now, attack the PRIMUS at once!"
"NEWSTIP_PRIMUS_OVER","The PRIMUS has withdrawn from here. The fighting is over!"
"NEWSTIP_PRIMUS_WIN","Our combined fleet has destroyed PRIMUS! Victory is ours!"
"NEWSTIP_PRIMUS_INJURED","PRIMUS has been injured. All fleets hasten your preparations for an attack!!"
"NEWSTIP_COSMIC_EXPEDITION","The Alliance adventure was a success! It brought in a good amount of resources."
"NEWSTIP_LUNAFAST_FIRE","<play_name> obtained <reward_name> X <num> through <item_name>."
"FLAG_0","Stateless"
"FLAG_1","Russian Federation"
"FLAG_2","America"
"FLAG_3","Germany"
"FLAG_4","France"
"FLAG_5","Ukraine"
"FLAG_6","Korea"
"FLAG_7","Vietnam"
"FLAG_8","United Kingdom"
"FLAG_9","Thailand"
"FLAG_10","Mexico"
"FLAG_11","Canada"
"FLAG_12","The Philippines"
"FLAG_13","Turkey"
"FLAG_14","Brazil"
"FLAG_15","Indonesia"
"FLAG_16","India"
"FLAG_17","Saudi Arabia"
"FLAG_18","Taiwan"
"FLAG_19","Malaysia"
"FLAG_20","Belarus"
"FLAG_21","Japan"
"FLAG_22","Pakistan"
"FLAG_23","Kazakhstan"
"FLAG_24","Egypt"
"FLAG_25","Chile"
"FLAG_26","Romania"
"FLAG_27","Columbia"
"FLAG_28","Spain"
"FLAG_29","Italy"
"FLAG_30","Poland"
"FLAG_31","Argentina"
"FLAG_32","The Czech Republic"
"FLAG_33","Australia"
"FLAG_34","Hong Kong"
"FLAG_35","Singapore"
"FLAG_36","Portugal"
"FLAG_37","Austria"
"FLAG_38","China"
"FLAG_39","Macao"
